variant_code,variant,description,seed,split,n_eval,wl_token_count,system_token_count,feature_count,rmse,mae,r2,mean_log_predictive_density,coverage_90,predictive_sd_mean,nll
A,atom_bag,"atoms only, no connectivity",0,train,577,11,0,11,1.5396323661305027,1.163768379471041,0.8303991281000477,-1.8817820585217813,0.9462738301559792,1.7788948464489553,466.73170243158864
A,atom_bag,"atoms only, no connectivity",0,valid,64,11,0,11,1.871370661194678,1.3733000675071318,0.812209201133435,-2.0338916230440907,0.875,1.9145306682756598,432.8358893893458
A,atom_bag,"atoms only, no connectivity",0,test,65,11,0,11,3.047949363413094,1.6361797981384953,0.5716194544252959,-2.84769485137566,0.9230769230769231,1.8541083435111418,466.73170243158864
A,atom_bag,"atoms only, no connectivity",1,train,577,11,0,11,1.7170270266370071,1.2882081943333517,0.8086814584928141,-1.9866709233616344,0.951473136915078,1.9627587685931305,486.6440633683735
A,atom_bag,"atoms only, no connectivity",1,valid,64,11,0,11,2.3617009367310504,1.7898186327857484,0.7192969773031925,-2.3561182171753217,0.890625,2.0972443383983044,434.56605603179406
A,atom_bag,"atoms only, no connectivity",1,test,65,11,0,11,1.5707694538385846,1.129183971694159,0.7231980592640453,-1.90879082718181,0.9846153846153847,2.0599251432336714,486.6440633683735
A,atom_bag,"atoms only, no connectivity",2,train,577,11,0,11,1.6704968189381855,1.2276783217791243,0.8183716927204749,-1.9589700779942567,0.9428076256499134,1.9092518277677384,472.01304605523734
A,atom_bag,"atoms only, no connectivity",2,valid,64,11,0,11,1.8266041098725292,1.5458595744160881,0.8082382153947918,-2.053796365625686,0.9375,1.9861209487463183,433.09545733712554
A,atom_bag,"atoms only, no connectivity",2,test,65,11,0,11,2.0496929389663143,1.6182150703985794,0.5626568784624109,-2.1440875491266245,0.8923076923076924,2.088188504952605,472.01304605523734
A,atom_bag,"atoms only, no connectivity",3,train,577,11,0,11,1.6910229282946845,1.2622430394082587,0.8061792933448471,-1.9710159849851498,0.9566724436741768,1.9384479973747972,493.63720333013157
A,atom_bag,"atoms only, no connectivity",3,valid,64,11,0,11,1.7989020452533493,1.4551602981420797,0.7083547156904,-2.0310474905778224,0.96875,2.052908667412553,444.0614688103206
A,atom_bag,"atoms only, no connectivity",3,test,65,11,0,11,1.7245966886351591,1.3715418768550445,0.8006049309007652,-1.9897160069348034,0.9230769230769231,1.986866122302537,493.63720333013157
A,atom_bag,"atoms only, no connectivity",4,train,577,11,0,11,1.66735354115662,1.2514835518630762,0.8156527188018925,-1.959225603057491,0.9549393414211439,1.920917879845172,485.4158790424901
A,atom_bag,"atoms only, no connectivity",4,valid,64,11,0,11,2.2917471599028727,1.6138505899754922,0.6957718421564802,-2.2703382509510255,0.890625,1.9734567096120312,432.1505062205192
A,atom_bag,"atoms only, no connectivity",4,test,65,11,0,11,1.7498408348206083,1.2809165044160977,0.747547262131218,-2.0080815598123802,0.9384615384615385,1.9293624324862797,485.4158790424901
A,atom_bag,"atoms only, no connectivity",5,train,577,11,0,11,1.6801959745291237,1.2597623844891717,0.8025363131408154,-1.9675687023081996,0.951473136915078,1.9344045825975857,505.68349846920944
A,atom_bag,"atoms only, no connectivity",5,valid,64,11,0,11,1.8991389535119647,1.4301329067163162,0.683257338641393,-2.017588769506541,0.96875,2.085802703463381,458.0909155438953
A,atom_bag,"atoms only, no connectivity",5,test,65,11,0,11,1.6001266585781901,1.2408364472332598,0.8658104993713003,-1.9453359270937207,0.9692307692307692,2.0497732008513823,505.68349846920944
A,atom_bag,"atoms only, no connectivity",6,train,577,11,0,11,1.6608517617858662,1.2428848499732206,0.8044305182819396,-1.9513558659170605,0.9532062391681109,1.8966281889077743,491.49663571818826
A,atom_bag,"atoms only, no connectivity",6,valid,64,11,0,11,2.284345130836266,1.759346609093476,0.7166855153799125,-2.3000219454957556,0.875,1.8913088937154106,439.27853172955986
A,atom_bag,"atoms only, no connectivity",6,test,65,11,0,11,2.143636964996119,1.476384930471486,0.7783634146161714,-2.18832368177961,0.8923076923076924,2.0277854028824973,491.49663571818826
A,atom_bag,"atoms only, no connectivity",7,train,577,11,0,11,1.7311260878322372,1.3071205297374253,0.8084051649240481,-1.9934289307812894,0.9532062391681109,1.9778781036345485,485.4846292672741
A,atom_bag,"atoms only, no connectivity",7,valid,64,11,0,11,1.576363500640968,1.3379487065757047,0.7068504773449833,-1.9538032886651064,0.984375,2.0982836006645496,437.46916913963884
A,atom_bag,"atoms only, no connectivity",7,test,65,11,0,11,1.4122007118065936,1.1086021236554922,0.7206234145184041,-1.8653151485997144,0.9538461538461539,2.030124308633887,485.4846292672741
A,atom_bag,"atoms only, no connectivity",8,train,577,11,0,11,1.6672468113774266,1.2505598943847824,0.8127249830353172,-1.959241423383766,0.951473136915078,1.9175556846067034,488.0266556016523
A,atom_bag,"atoms only, no connectivity",8,valid,64,11,0,11,1.7559464534906115,1.4448187372460706,0.7229800952695171,-2.020188494754833,0.921875,2.000254700062107,439.125378742984
A,atom_bag,"atoms only, no connectivity",8,test,65,11,0,11,1.8200523383957916,1.424432790178782,0.7674453360543899,-2.050690610911049,0.8923076923076924,2.0035495669054195,488.0266556016523
A,atom_bag,"atoms only, no connectivity",9,train,577,11,0,11,1.699789111211487,1.2636095590859975,0.8057473457039186,-1.975074306741551,0.9549393414211439,1.9402894615415913,488.099870643318
A,atom_bag,"atoms only, no connectivity",9,valid,64,11,0,11,1.9312904731658715,1.580149251706653,0.716611074519921,-2.111563425678172,0.921875,2.034094054732707,435.96632224750255
A,atom_bag,"atoms only, no connectivity",9,test,65,11,0,11,1.7566751964483334,1.4274661135685909,0.7787743853485806,-2.034338541459977,0.9384615384615385,2.03698663970103,488.099870643318
A,atom_bag,"atoms only, no connectivity",10,train,577,11,0,11,1.6442610078938207,1.22971330277617,0.8128985116606531,-1.9422173359342778,0.9584055459272097,1.8789534552639358,478.4002405909648
A,atom_bag,"atoms only, no connectivity",10,valid,64,11,0,11,1.6656487010721692,1.370919702281523,0.7609325103050332,-1.971122792152316,0.953125,1.9846071471903683,431.75900057061904
A,atom_bag,"atoms only, no connectivity",10,test,65,11,0,11,2.3336991212074762,1.5031375537840495,0.6844396977565845,-2.3079711067224498,0.8769230769230769,1.8909235330939493,478.4002405909648
A,atom_bag,"atoms only, no connectivity",11,train,577,11,0,11,1.6731428796915615,1.250072395016582,0.8127911364208038,-1.9623637944357786,0.9549393414211439,1.9214762760844801,487.12492419727437
A,atom_bag,"atoms only, no connectivity",11,valid,64,11,0,11,2.0952135196814394,1.4553821586842188,0.6980596107759884,-2.160145492331876,0.890625,2.002906382698606,433.64002484084
A,atom_bag,"atoms only, no connectivity",11,test,65,11,0,11,1.8316768290620464,1.333348875652094,0.7469632917820894,-2.0228923991539016,0.9076923076923077,2.0859744648836447,487.12492419727437
A,atom_bag,"atoms only, no connectivity",12,train,577,11,0,11,1.7144952659028392,1.2766814571013523,0.7993487300386697,-1.9847907620342125,0.9410745233968805,1.9585072690739629,499.4605851751073
A,atom_bag,"atoms only, no connectivity",12,valid,64,11,0,11,1.7665839230570197,1.5084841573511782,0.7706441395985695,-2.0194900442088235,0.953125,2.0273835629185917,454.11267723007273
A,atom_bag,"atoms only, no connectivity",12,test,65,11,0,11,1.6578772929521741,1.247638849999167,0.8251554327572216,-1.936189863966831,0.9846153846153847,2.0205995777858403,499.4605851751073
A,atom_bag,"atoms only, no connectivity",13,train,577,11,0,11,1.6236122227484244,1.2056700187773939,0.8145927226294472,-1.9326667886198274,0.951473136915078,1.8750163373479394,491.47905930543243
A,atom_bag,"atoms only, no connectivity",13,valid,64,11,0,11,2.4898184199707996,1.6761403040195724,0.7263654138596218,-2.4568588105064157,0.875,1.9867828545979846,439.5971852160301
A,atom_bag,"atoms only, no connectivity",13,test,65,11,0,11,2.0322563212185,1.486053958588032,0.7912301421210008,-2.1646478854433573,0.9230769230769231,1.9939655598153014,491.47905930543243
A,atom_bag,"atoms only, no connectivity",14,train,577,11,0,11,1.6793116462460853,1.240987781610292,0.8073885801109643,-1.9659121544005014,0.9445407279029463,1.931735743609525,497.5150274519473
A,atom_bag,"atoms only, no connectivity",14,valid,64,11,0,11,2.0018358359961175,1.576470513110333,0.7451824407152002,-2.127426678321211,0.890625,1.9622845140346503,453.5334589630244
A,atom_bag,"atoms only, no connectivity",14,test,65,11,0,11,1.6153587880634128,1.2516044830480402,0.8340569465549366,-1.9561177737950617,0.9692307692307692,2.130956108149755,497.5150274519473
A,atom_bag,"atoms only, no connectivity",15,train,577,11,0,11,1.7154271022115246,1.2693356580456157,0.8034967010879673,-1.9848885549836146,0.9445407279029463,1.9566177465359496,491.02732905719813
A,atom_bag,"atoms only, no connectivity",15,valid,64,11,0,11,1.6317405961785862,1.3864055132884576,0.787219314033081,-1.9574859531428048,0.984375,2.017090799067492,447.9130395053381
A,atom_bag,"atoms only, no connectivity",15,test,65,11,0,11,1.7087135458184475,1.390417589923003,0.7240190992341834,-1.976409623353234,0.9692307692307692,2.08393598552216,491.02732905719813
A,atom_bag,"atoms only, no connectivity",16,train,577,11,0,11,1.620880513897294,1.2020384533242428,0.8233499707223847,-1.9326353999755879,0.9428076256499134,1.8746562265962796,479.59615508803466
A,atom_bag,"atoms only, no connectivity",16,valid,64,11,0,11,1.9197576688774964,1.4493315855519917,0.6711037042869243,-2.0131401403861036,0.90625,2.00555089673251,430.44361992113187
A,atom_bag,"atoms only, no connectivity",16,test,65,11,0,11,2.095256116641652,1.6216192374618459,0.6532470076047336,-2.185710676712018,0.8769230769230769,1.967429548325996,479.59615508803466
A,atom_bag,"atoms only, no connectivity",17,train,577,11,0,11,1.6763506358205207,1.236269803055297,0.8116285628090397,-1.963284896201474,0.9480069324090121,1.9266257374163969,489.33808521225853
A,atom_bag,"atoms only, no connectivity",17,valid,64,11,0,11,1.8566609259705458,1.4731075160742395,0.7240981985670354,-2.018816303497607,0.921875,1.9891461710264138,441.5718664413335
A,atom_bag,"atoms only, no connectivity",17,test,65,11,0,11,1.690865073426609,1.3982996754459405,0.7886279666761301,-1.995394440544277,0.9692307692307692,2.0397046536571555,489.33808521225853
A,atom_bag,"atoms only, no connectivity",18,train,577,11,0,11,1.7018928572873422,1.2674417702865,0.8094122161293773,-1.9770567465460105,0.9462738301559792,1.9461848646391755,485.3577950264634
A,atom_bag,"atoms only, no connectivity",18,valid,64,11,0,11,2.2210208897332997,1.6113335081380908,0.7577686950257574,-2.2361776342106965,0.921875,2.002034724453491,438.9672693184566
A,atom_bag,"atoms only, no connectivity",18,test,65,11,0,11,1.696818046587545,1.3282197443718244,0.7298556983778934,-1.9894415182226244,0.9384615384615385,2.0819859710337942,485.3577950264634
A,atom_bag,"atoms only, no connectivity",19,train,577,11,0,11,1.6793655871982835,1.2527688142819169,0.8131305447299795,-1.9662694920858312,0.949740034662045,1.9332364752732283,489.0109997341297
A,atom_bag,"atoms only, no connectivity",19,valid,64,11,0,11,1.7084984529936664,1.3684206854551677,0.7084512765512319,-2.012996639162007,0.953125,2.0703712804523584,438.36283283929856
A,atom_bag,"atoms only, no connectivity",19,test,65,11,0,11,1.5971812024434442,1.2403911445807638,0.783197402812789,-1.9488393180718393,0.9538461538461539,1.9929135306755703,489.0109997341297
B,standard_covalent_graph_wl,atom labels plus a standard covalent bond-order adjacency graph,0,train,577,8168,0,8168,0.025910874699901592,0.012067914766854062,0.999951964959147,0.6759241540000424,1.0,0.20100985169260333,285.8546826694914
B,standard_covalent_graph_wl,atom labels plus a standard covalent bond-order adjacency graph,0,valid,64,8168,0,8168,1.4031104888967945,0.8231364118390774,0.8944305111140921,-1.6389222815123887,0.90625,1.5441711936194709,277.9483174736009
B,standard_covalent_graph_wl,atom labels plus a standard covalent bond-order adjacency graph,0,test,65,8168,0,8168,1.2307628019223695,0.7746178686918629,0.9301505536706154,-1.5645899387546347,0.9384615384615385,1.4499692387001684,285.8546826694914
B,standard_covalent_graph_wl,atom labels plus a standard covalent bond-order adjacency graph,1,train,577,8168,0,8168,0.024675736029238414,0.011121094802420411,0.9999604867246872,0.7156594496119164,1.0,0.19320094607264562,261.89947298500766
B,standard_covalent_graph_wl,atom labels plus a standard covalent bond-order adjacency graph,1,valid,64,8168,0,8168,1.3182523875866325,0.9196151988257959,0.9125430316354444,-1.6143471812504822,0.921875,1.563494374735272,259.32009604637557
B,standard_covalent_graph_wl,atom labels plus a standard covalent bond-order adjacency graph,1,test,65,8168,0,8168,1.0338666961068412,0.7166091105171368,0.8800850507989705,-1.4976150077112913,0.9692307692307692,1.5038059260182304,261.89947298500766
B,standard_covalent_graph_wl,atom labels plus a standard covalent bond-order adjacency graph,2,train,577,8168,0,8168,0.02412119114771787,0.010807998994085454,0.9999621304861398,0.7345901074317482,1.0,0.1895854689937031,262.6503736005627
B,standard_covalent_graph_wl,atom labels plus a standard covalent bond-order adjacency graph,2,valid,64,8168,0,8168,1.090243503542305,0.7511879539929485,0.9316843481182727,-1.8060732106967712,0.953125,1.3839467171127973,266.39560990818944
B,standard_covalent_graph_wl,atom labels plus a standard covalent bond-order adjacency graph,2,test,65,8168,0,8168,0.8883314100851774,0.6588657179548825,0.9178524288582717,-1.4816626122751086,0.9538461538461539,1.553446956191327,262.6503736005627
B,standard_covalent_graph_wl,atom labels plus a standard covalent bond-order adjacency graph,3,train,577,8168,0,8168,0.022068466849436853,0.009762217952598237,0.9999669900014141,0.7530891785258452,1.0,0.18640381608440695,277.6970402151014
B,standard_covalent_graph_wl,atom labels plus a standard covalent bond-order adjacency graph,3,valid,64,8168,0,8168,1.2144066393417952,0.768441877162257,0.8670867757754508,-1.5146422914166855,0.875,1.3802395895803077,262.8681697307669
B,standard_covalent_graph_wl,atom labels plus a standard covalent bond-order adjacency graph,3,test,65,8168,0,8168,1.0394181583556357,0.7451565381191578,0.9275697610992432,-1.4636005883283068,0.9230769230769231,1.3572663090519355,277.6970402151014
B,standard_covalent_graph_wl,atom labels plus a standard covalent bond-order adjacency graph,4,train,577,8168,0,8168,0.019839390876487235,0.008714188855319948,0.9999739001499366,0.8338112075479667,1.0,0.1719761022354987,270.97377498720994
B,standard_covalent_graph_wl,atom labels plus a standard covalent bond-order adjacency graph,4,valid,64,8168,0,8168,1.1989023193681343,0.7944785848796208,0.916740537124813,-1.4929551316103258,0.96875,1.5167981659619012,268.4309830589032
B,standard_covalent_graph_wl,atom labels plus a standard covalent bond-order adjacency graph,4,test,65,8168,0,8168,1.0066970699261102,0.6554101250668113,0.9164434307723216,-1.434492840222132,0.8923076923076924,1.3978034365534588,270.97377498720994
B,standard_covalent_graph_wl,atom labels plus a standard covalent bond-order adjacency graph,5,train,577,8168,0,8168,0.017950506186323184,0.007921707598557603,0.9999774617204515,0.9115699107162357,1.0,0.15917285698166725,274.3424420539034
B,standard_covalent_graph_wl,atom labels plus a standard covalent bond-order adjacency graph,5,valid,64,8168,0,8168,1.2325311035693034,0.779550363080842,0.8665898558432324,-1.4033863636802255,0.953125,1.4758631236268434,266.23188186908806
B,standard_covalent_graph_wl,atom labels plus a standard covalent bond-order adjacency graph,5,test,65,8168,0,8168,1.3460353442996185,0.8577144775900329,0.9050439276286478,-1.63029602944666,0.9692307692307692,1.6251725758997313,274.3424420539034
B,standard_covalent_graph_wl,atom labels plus a standard covalent bond-order adjacency graph,6,train,577,8168,0,8168,0.02637265493352491,0.012249399807317004,0.9999506886324939,0.6556492914254665,1.0,0.2051761913175462,283.27137508276473
B,standard_covalent_graph_wl,atom labels plus a standard covalent bond-order adjacency graph,6,valid,64,8168,0,8168,1.1384858737170525,0.775100534727755,0.9296278805546188,-1.4758324169990487,0.9375,1.3898231482456418,284.3983089992688
B,standard_covalent_graph_wl,atom labels plus a standard covalent bond-order adjacency graph,6,test,65,8168,0,8168,1.1975271750406016,0.8079726174640819,0.9308312813053573,-1.5406979041555917,0.9538461538461539,1.5019798477359174,283.27137508276473
B,standard_covalent_graph_wl,atom labels plus a standard covalent bond-order adjacency graph,7,train,577,8168,0,8168,0.024131570280960354,0.010914412949627392,0.9999627696120932,0.7152451035415739,1.0,0.19335828207894493,265.2283798911654
B,standard_covalent_graph_wl,atom labels plus a standard covalent bond-order adjacency graph,7,valid,64,8168,0,8168,0.8863239886849411,0.6417975564746491,0.9073252426113323,-1.396636981774595,0.96875,1.4786507546121441,256.01757766825483
B,standard_covalent_graph_wl,atom labels plus a standard covalent bond-order adjacency graph,7,test,65,8168,0,8168,0.8138381327215634,0.611231426088153,0.9072159718651495,-1.3906920386256147,0.9538461538461539,1.4113840220962623,265.2283798911654
B,standard_covalent_graph_wl,atom labels plus a standard covalent bond-order adjacency graph,8,train,577,8168,0,8168,0.024721006585174125,0.011291864669683759,0.9999588270149409,0.7011222152763144,1.0,0.19608325316983188,274.99403628034145
B,standard_covalent_graph_wl,atom labels plus a standard covalent bond-order adjacency graph,8,valid,64,8168,0,8168,0.980797658766677,0.6647718364619246,0.9135734294955639,-1.39863064054529,0.953125,1.4677577079833215,267.4133528190133
B,standard_covalent_graph_wl,atom labels plus a standard covalent bond-order adjacency graph,8,test,65,8168,0,8168,0.9964689503698008,0.6976147852492444,0.9302916438423113,-1.4228230104869424,0.9846153846153847,1.4811156241952126,274.99403628034145
B,standard_covalent_graph_wl,atom labels plus a standard covalent bond-order adjacency graph,9,train,577,8168,0,8168,0.02664139163633156,0.01274383530360706,0.9999522810707859,0.6278848479548019,1.0,0.21098352170218526,273.5961155447009
B,standard_covalent_graph_wl,atom labels plus a standard covalent bond-order adjacency graph,9,valid,64,8168,0,8168,1.2498629663517598,0.902097752073415,0.8813104513767533,-1.6821732228495374,0.921875,1.5447551285568926,251.35131222143394
B,standard_covalent_graph_wl,atom labels plus a standard covalent bond-order adjacency graph,9,test,65,8168,0,8168,1.2820426783272545,0.7960584062746204,0.8821695768136059,-1.483926243517374,0.9076923076923077,1.348771930902226,273.5961155447009
B,standard_covalent_graph_wl,atom labels plus a standard covalent bond-order adjacency graph,10,train,577,8168,0,8168,0.021525851056440382,0.00991127170360585,0.9999679331435211,0.7554528695217482,1.0,0.18600400151274638,289.88150852513655
B,standard_covalent_graph_wl,atom labels plus a standard covalent bond-order adjacency graph,10,valid,64,8168,0,8168,1.1507486713715043,0.7405363422135058,0.8858923754094524,-1.482220194275623,0.953125,1.5276869817314407,274.97415345661227
B,standard_covalent_graph_wl,atom labels plus a standard covalent bond-order adjacency graph,10,test,65,8168,0,8168,0.9317847926663062,0.64322387864475,0.9496935264753118,-1.3444160172101867,0.9384615384615385,1.358557310487001,289.88150852513655
B,standard_covalent_graph_wl,atom labels plus a standard covalent bond-order adjacency graph,11,train,577,8168,0,8168,0.02171573486509753,0.009964776620558733,0.9999684637965299,0.7558012914533698,1.0,0.18590117274742532,273.5840093020575
B,standard_covalent_graph_wl,atom labels plus a standard covalent bond-order adjacency graph,11,valid,64,8168,0,8168,1.1759958765160983,0.7344054064937469,0.9048790382101629,-1.5203011690183506,0.953125,1.495594482484103,263.1464107287785
B,standard_covalent_graph_wl,atom labels plus a standard covalent bond-order adjacency graph,11,test,65,8168,0,8168,1.041049257388182,0.6938167498969486,0.918261176317263,-1.4339464894055012,0.9538461538461539,1.5815714606474185,273.5840093020575
B,standard_covalent_graph_wl,atom labels plus a standard covalent bond-order adjacency graph,12,train,577,8168,0,8168,0.026521580622701973,0.012362023600967647,0.9999519859722533,0.6423146337634805,1.0,0.207968630930912,282.02842823205793
B,standard_covalent_graph_wl,atom labels plus a standard covalent bond-order adjacency graph,12,valid,64,8168,0,8168,1.2439931664542427,0.8625866456028519,0.8862694123146417,-1.4962639256625425,0.953125,1.4149243130404283,271.6306484845862
B,standard_covalent_graph_wl,atom labels plus a standard covalent bond-order adjacency graph,12,test,65,8168,0,8168,1.0309347466313852,0.7209619479632501,0.9323901876474138,-1.3964238839727232,0.9692307692307692,1.4198333412156885,282.02842823205793
B,standard_covalent_graph_wl,atom labels plus a standard covalent bond-order adjacency graph,13,train,577,8168,0,8168,0.022113755751696215,0.010066389078712537,0.9999656056450171,0.753284026633558,1.0,0.18632823518690306,286.1566665561396
B,standard_covalent_graph_wl,atom labels plus a standard covalent bond-order adjacency graph,13,valid,64,8168,0,8168,1.3626058025212264,0.9262204145613406,0.9180448770459749,-1.604818239327381,0.890625,1.5580972081909967,293.3558077979521
B,standard_covalent_graph_wl,atom labels plus a standard covalent bond-order adjacency graph,13,test,65,8168,0,8168,1.0242213822134498,0.7158191628386386,0.9469728231851354,-1.4598776032735532,0.9384615384615385,1.4934873518949179,286.1566665561396
B,standard_covalent_graph_wl,atom labels plus a standard covalent bond-order adjacency graph,14,train,577,8168,0,8168,0.01844645368548462,0.008074220980107835,0.9999767595140587,0.8820601880317585,1.0,0.1639470472403242,274.59268233841954
B,standard_covalent_graph_wl,atom labels plus a standard covalent bond-order adjacency graph,14,valid,64,8168,0,8168,1.5015664938554623,0.8805961200503345,0.8566289155705117,-1.872896215846668,0.890625,1.4644601184025006,258.230863705419
B,standard_covalent_graph_wl,atom labels plus a standard covalent bond-order adjacency graph,14,test,65,8168,0,8168,1.0553022296409316,0.691976668262449,0.9291769230387255,-1.493311710440685,0.9384615384615385,1.432684255224616,274.59268233841954
B,standard_covalent_graph_wl,atom labels plus a standard covalent bond-order adjacency graph,15,train,577,8168,0,8168,0.01564857861086947,0.006764327465495266,0.9999836478409357,0.9241524537821832,1.0,0.1574371488728134,280.57890638432974
B,standard_covalent_graph_wl,atom labels plus a standard covalent bond-order adjacency graph,15,valid,64,8168,0,8168,0.978479506924944,0.6672212871783172,0.9234873161160727,-1.4020355326936338,0.953125,1.4103834785047398,274.1678437499657
B,standard_covalent_graph_wl,atom labels plus a standard covalent bond-order adjacency graph,15,test,65,8168,0,8168,1.0371375652885135,0.7116784892266688,0.8983252220308026,-1.3854443165252566,0.9230769230769231,1.3903664005749974,280.57890638432974
B,standard_covalent_graph_wl,atom labels plus a standard covalent bond-order adjacency graph,16,train,577,8168,0,8168,0.02412208189950464,0.010898082031066127,0.9999608761768981,0.7206828229053802,1.0,0.1922976888851606,269.7288251762567
B,standard_covalent_graph_wl,atom labels plus a standard covalent bond-order adjacency graph,16,valid,64,8168,0,8168,1.0791581396121712,0.7336537116572497,0.8960710974327457,-1.469496625696022,0.90625,1.384829330511469,256.1825844868983
B,standard_covalent_graph_wl,atom labels plus a standard covalent bond-order adjacency graph,16,test,65,8168,0,8168,1.2247104317935764,0.8458154183277778,0.8815287918189134,-1.589950813368656,0.9076923076923077,1.5043298903152986,269.7288251762567
B,standard_covalent_graph_wl,atom labels plus a standard covalent bond-order adjacency graph,17,train,577,8168,0,8168,0.003447589073843306,0.0012534196584211596,0.9999992032605608,1.8832954241672593,1.0,0.060570349714108435,279.3317392082393
B,standard_covalent_graph_wl,atom labels plus a standard covalent bond-order adjacency graph,17,valid,64,8168,0,8168,1.1997105127078773,0.7112329401384516,0.8848027080736557,-1.4219533688227595,0.96875,1.4216932069890522,270.04243744381245
B,standard_covalent_graph_wl,atom labels plus a standard covalent bond-order adjacency graph,17,test,65,8168,0,8168,0.9130790304176398,0.6353573984440866,0.9383623097131615,-1.7806679183569902,0.9384615384615385,1.3990067358223175,279.3317392082393
B,standard_covalent_graph_wl,atom labels plus a standard covalent bond-order adjacency graph,18,train,577,8168,0,8168,0.025087717774264297,0.0119219210700648,0.9999585854506652,0.6422083777596986,1.0,0.2081606581402115,277.52252014487254
B,standard_covalent_graph_wl,atom labels plus a standard covalent bond-order adjacency graph,18,valid,64,8168,0,8168,1.1490644148595037,0.7778012670965491,0.9351643703562129,-1.4126437864116457,0.9375,1.4009794646531595,286.099617312641
B,standard_covalent_graph_wl,atom labels plus a standard covalent bond-order adjacency graph,18,test,65,8168,0,8168,0.8650720131544224,0.6135438898416193,0.9297850184741413,-1.3031283920651928,0.9846153846153847,1.4348993354766069,277.52252014487254
B,standard_covalent_graph_wl,atom labels plus a standard covalent bond-order adjacency graph,19,train,577,8168,0,8168,0.024473989446542825,0.011135057098577518,0.9999603121696747,0.7209134012427255,1.0,0.19220678786267956,268.1399413237852
B,standard_covalent_graph_wl,atom labels plus a standard covalent bond-order adjacency graph,19,valid,64,8168,0,8168,1.0259639957443571,0.806571963692915,0.894865269683726,-1.4494337171384606,0.9375,1.3722986815861722,253.19615387965797
B,standard_covalent_graph_wl,atom labels plus a standard covalent bond-order adjacency graph,19,test,65,8168,0,8168,1.015625089828699,0.6502500213422882,0.9123356651078958,-1.47392310071655,0.9230769230769231,1.3968910382499424,268.1399413237852
C,full_moladt,full MolADT WL plus explicit bonding-system token view,0,train,577,8169,227,8396,0.03961628791380543,0.02271169790114585,0.9998877098725814,0.6041238698770343,1.0,0.214027011480655,134.22651641773763
C,full_moladt,full MolADT WL plus explicit bonding-system token view,0,valid,64,8169,227,8396,1.0493356267104919,0.6731112613221947,0.9409549475363945,-1.2584327254272487,0.953125,1.1027196088506312,151.8535109804531
C,full_moladt,full MolADT WL plus explicit bonding-system token view,0,test,65,8169,227,8396,1.2940452541082752,0.7884798428362849,0.9227829558418599,-1.617863068073372,0.8923076923076924,1.055579468116454,134.22651641773763
C,full_moladt,full MolADT WL plus explicit bonding-system token view,1,train,577,8169,227,8396,0.0350796228606418,0.019329942547172775,0.9999201430663053,0.6530916042257761,0.9982668977469671,0.2042708003121702,133.86554879909193
C,full_moladt,full MolADT WL plus explicit bonding-system token view,1,valid,64,8169,227,8396,1.1157261964132235,0.7295430691074951,0.9373512304335674,-1.5199384021017104,0.890625,1.2533863609057214,137.78995119491793
C,full_moladt,full MolADT WL plus explicit bonding-system token view,1,test,65,8169,227,8396,0.9357433318003261,0.6783710754390213,0.9017669296512296,-1.2743966083921308,0.9384615384615385,1.2011901021632259,133.86554879909193
C,full_moladt,full MolADT WL plus explicit bonding-system token view,2,train,577,8169,227,8396,0.03346193435036957,0.018287656920474515,0.9999271223575206,0.6917114041238552,0.9982668977469671,0.1965748459572374,131.1473472261991
C,full_moladt,full MolADT WL plus explicit bonding-system token view,2,valid,64,8169,227,8396,0.7410536182243951,0.5456144806522025,0.9684374222022782,-1.130559411610162,0.921875,1.0328490700301376,156.77996351841762
C,full_moladt,full MolADT WL plus explicit bonding-system token view,2,test,65,8169,227,8396,0.8058976243084174,0.5669550772680375,0.9323910110414921,-1.2911006337482647,0.9076923076923077,1.2396789174883147,131.1473472261991
C,full_moladt,full MolADT WL plus explicit bonding-system token view,3,train,577,8169,227,8396,0.04197568919333123,0.023462594750691804,0.9998805745596515,0.5417868520755798,0.9982668977469671,0.2279447353143266,143.24329526010456
C,full_moladt,full MolADT WL plus explicit bonding-system token view,3,valid,64,8169,227,8396,1.0122980972997475,0.6329828337983927,0.9076457749248258,-1.1848925549149494,0.9375,1.0173099935224215,148.0454091180714
C,full_moladt,full MolADT WL plus explicit bonding-system token view,3,test,65,8169,227,8396,1.0916975626595289,0.6607072380069796,0.9201005113401175,-1.3150096460476008,0.9076923076923077,0.969687424880889,143.24329526010456
C,full_moladt,full MolADT WL plus explicit bonding-system token view,4,train,577,8169,227,8396,0.030654164052302674,0.01667704089553267,0.9999376896344586,0.7202031075091611,0.9982668977469671,0.1914235765419502,147.01482208509844
C,full_moladt,full MolADT WL plus explicit bonding-system token view,4,valid,64,8169,227,8396,1.0860033543240408,0.6704860120451981,0.9316830707183839,-1.2617765226940354,0.921875,1.129677672727367,158.9077195435229
C,full_moladt,full MolADT WL plus explicit bonding-system token view,4,test,65,8169,227,8396,0.719926352307896,0.48543408964109747,0.9572674182217175,-1.131078396520372,0.9076923076923077,0.9731100992321918,147.01482208509844
C,full_moladt,full MolADT WL plus explicit bonding-system token view,5,train,577,8169,227,8396,0.02865356811400543,0.015724198095343363,0.9999425718556968,0.7741846408260336,0.9982668977469671,0.18144965244342315,155.1430573486569
C,full_moladt,full MolADT WL plus explicit bonding-system token view,5,valid,64,8169,227,8396,0.9306469109405623,0.5990897058995097,0.9239388375887193,-1.0987536345193814,0.984375,1.1321833540266284,166.34609929567404
C,full_moladt,full MolADT WL plus explicit bonding-system token view,5,test,65,8169,227,8396,0.8899915146308184,0.5829880206514686,0.9584872458708215,-1.2475911302050877,0.9384615384615385,1.219405929688088,155.1430573486569
C,full_moladt,full MolADT WL plus explicit bonding-system token view,6,train,577,8169,227,8396,0.04217775171339944,0.024003878697570733,0.9998738735437347,0.5602437893026251,0.9982668977469671,0.22354021515402242,137.98501836986668
C,full_moladt,full MolADT WL plus explicit bonding-system token view,6,valid,64,8169,227,8396,1.1348612642366323,0.6722092805192971,0.930075256179286,-1.444412654161693,0.890625,1.0194263330240083,141.93413697264145
C,full_moladt,full MolADT WL plus explicit bonding-system token view,6,test,65,8169,227,8396,1.1362382357324996,0.6872566491884196,0.9377301563658177,-1.580892881497783,0.8923076923076924,1.1787006322220814,137.98501836986668
C,full_moladt,full MolADT WL plus explicit bonding-system token view,7,train,577,8169,227,8396,0.037636818052505745,0.0209760565735527,0.9999094367094061,0.5978410213518945,0.9982668977469671,0.21578077252443775,142.9656239511545
C,full_moladt,full MolADT WL plus explicit bonding-system token view,7,valid,64,8169,227,8396,0.7933291593025058,0.5671999159071326,0.9257522521375499,-1.1231305104623417,0.96875,1.1040321663072883,150.33079113619777
C,full_moladt,full MolADT WL plus explicit bonding-system token view,7,test,65,8169,227,8396,0.6833042383491464,0.47014856723512255,0.9345928264817086,-1.052583468899374,0.9692307692307692,0.9968711673544697,142.9656239511545
C,full_moladt,full MolADT WL plus explicit bonding-system token view,8,train,577,8169,227,8396,0.040815923759260526,0.02304643967119245,0.999887762156383,0.5629904887844779,0.9982668977469671,0.22309163686195624,141.05091424356522
C,full_moladt,full MolADT WL plus explicit bonding-system token view,8,valid,64,8169,227,8396,0.6391305619315222,0.4441605690967033,0.9632998694289965,-1.0306714011971567,0.984375,1.0502005602431836,157.25485205915868
C,full_moladt,full MolADT WL plus explicit bonding-system token view,8,test,65,8169,227,8396,0.9339404504045613,0.6068730434322407,0.9387655711467582,-1.2651644290316215,0.9384615384615385,1.0731586439606613,141.05091424356522
C,full_moladt,full MolADT WL plus explicit bonding-system token view,9,train,577,8169,227,8396,0.04622237212059968,0.026571186579780047,0.9998563580357535,0.460625165565843,0.9982668977469671,0.24695952466082394,153.90913705524724
C,full_moladt,full MolADT WL plus explicit bonding-system token view,9,valid,64,8169,227,8396,1.2506094719413443,0.8623290155480666,0.8811686296352705,-1.6132785879682199,0.875,1.1743295793991495,135.06213365156617
C,full_moladt,full MolADT WL plus explicit bonding-system token view,9,test,65,8169,227,8396,0.8093956671030225,0.5448409675669394,0.9530350112961024,-1.1095555791826341,0.9384615384615385,1.0276299580245019,153.90913705524724
C,full_moladt,full MolADT WL plus explicit bonding-system token view,10,train,577,8169,227,8396,0.04369451308789549,0.025377926912258382,0.9998678736205923,0.5187696663233942,0.9982668977469671,0.23302752458491696,149.98258701700502
C,full_moladt,full MolADT WL plus explicit bonding-system token view,10,valid,64,8169,227,8396,0.9336355849455203,0.5942611026907008,0.9248881441127415,-1.354587540641918,0.953125,1.0696834151460841,144.35364524370885
C,full_moladt,full MolADT WL plus explicit bonding-system token view,10,test,65,8169,227,8396,1.0086710753836956,0.6007357544868709,0.941048919116597,-1.2743556237541551,0.8923076923076924,0.9657073576110298,149.98258701700502
C,full_moladt,full MolADT WL plus explicit bonding-system token view,11,train,577,8169,227,8396,0.03357711414071347,0.018785155697220605,0.9999246042124735,0.6668729839211902,0.9982668977469671,0.20170566075170307,141.6429957099284
C,full_moladt,full MolADT WL plus explicit bonding-system token view,11,valid,64,8169,227,8396,1.1661399288064278,0.6620813076619598,0.90646676253726,-1.4343712441278846,0.9375,1.1396009077784568,137.66356509179883
C,full_moladt,full MolADT WL plus explicit bonding-system token view,11,test,65,8169,227,8396,0.911863424301073,0.6066545372910265,0.9372887556719339,-1.2375745215624323,0.9538461538461539,1.229749283572538,141.6429957099284
C,full_moladt,full MolADT WL plus explicit bonding-system token view,12,train,577,8169,227,8396,0.044007400066114234,0.02539616991977697,0.9998678032570619,0.5218302488294282,0.9982668977469671,0.23230134280469103,146.48551999695178
C,full_moladt,full MolADT WL plus explicit bonding-system token view,12,valid,64,8169,227,8396,0.8393439150773765,0.628267319283241,0.948224871366499,-1.1653768356579843,0.921875,1.015596495555089,159.9002645204322
C,full_moladt,full MolADT WL plus explicit bonding-system token view,12,test,65,8169,227,8396,0.9123706921844574,0.5976541165635735,0.9470470660280956,-1.288549076800938,0.9538461538461539,1.0503630794287802,146.48551999695178
C,full_moladt,full MolADT WL plus explicit bonding-system token view,13,train,577,8169,227,8396,0.03936588422472892,0.022570601213618285,0.9998910061046645,0.5815168072540766,1.0,0.21918252035589486,152.3888549263661
C,full_moladt,full MolADT WL plus explicit bonding-system token view,13,valid,64,8169,227,8396,1.237133481725001,0.7483798689647414,0.9324432482509473,-1.3922556254300482,0.9375,1.2407277942738504,172.1712210632972
C,full_moladt,full MolADT WL plus explicit bonding-system token view,13,test,65,8169,227,8396,0.8918981811132142,0.6204745114897326,0.959789322923327,-1.2972073415479173,0.9384615384615385,1.113864680371981,152.3888549263661
C,full_moladt,full MolADT WL plus explicit bonding-system token view,14,train,577,8169,227,8396,0.02963305350233941,0.016240348570401686,0.9999400247256479,0.7572369817555256,0.9982668977469671,0.18447015654252238,142.79141857449338
C,full_moladt,full MolADT WL plus explicit bonding-system token view,14,valid,64,8169,227,8396,0.960460930906835,0.6256209350284562,0.9413413802575551,-1.2310219659974395,0.875,1.06016204316043,156.62148365987798
C,full_moladt,full MolADT WL plus explicit bonding-system token view,14,test,65,8169,227,8396,0.935754439618226,0.6375479532574353,0.9443141475666167,-1.300119313191721,0.9230769230769231,1.1709383615384263,142.79141857449338
C,full_moladt,full MolADT WL plus explicit bonding-system token view,15,train,577,8169,227,8396,0.028113259353749517,0.015551658647259547,0.999947222634279,0.7391335287951957,1.0,0.18823423069900455,155.140264150635
C,full_moladt,full MolADT WL plus explicit bonding-system token view,15,valid,64,8169,227,8396,0.8115744432970344,0.5528440760047347,0.9473635376944256,-1.1263280189050868,0.953125,1.0251219670558882,166.82891921129004
C,full_moladt,full MolADT WL plus explicit bonding-system token view,15,test,65,8169,227,8396,0.8256190541165092,0.560838131976262,0.9355682513952629,-1.083683898889794,0.9230769230769231,1.1489961993896294,155.140264150635
C,full_moladt,full MolADT WL plus explicit bonding-system token view,16,train,577,8169,227,8396,0.036810722096000156,0.02063129745540705,0.9999088911877432,0.6194938626147317,0.9982668977469671,0.21119860778408267,147.09028675571517
C,full_moladt,full MolADT WL plus explicit bonding-system token view,16,valid,64,8169,227,8396,0.9041244369691336,0.610412380441796,0.9270504570656093,-1.3365320447274431,0.859375,1.0661709439496483,150.1227850883152
C,full_moladt,full MolADT WL plus explicit bonding-system token view,16,test,65,8169,227,8396,0.8756891332992743,0.648608140072342,0.939431627490709,-1.2454185727734255,0.9384615384615385,1.2139855386775447,147.09028675571517
C,full_moladt,full MolADT WL plus explicit bonding-system token view,17,train,577,8169,227,8396,0.015176196405935061,0.007930981363947648,0.9999845612831888,1.1200540696434689,1.0,0.12919326678163925,155.95623570603607
C,full_moladt,full MolADT WL plus explicit bonding-system token view,17,valid,64,8169,227,8396,1.1269925468967792,0.6539280997067451,0.8983443717490615,-1.3331937156604452,0.921875,1.0267515496755568,152.09260588468152
C,full_moladt,full MolADT WL plus explicit bonding-system token view,17,test,65,8169,227,8396,0.6644941606523761,0.48467294183870474,0.9673553545561647,-1.07674976729729,0.9538461538461539,1.1329295621286835,155.95623570603607
C,full_moladt,full MolADT WL plus explicit bonding-system token view,18,train,577,8169,227,8396,0.04544730685434987,0.026740485528355642,0.9998640914014335,0.46271708307475257,0.9982668977469671,0.24661916914631277,154.72035146699216
C,full_moladt,full MolADT WL plus explicit bonding-system token view,18,valid,64,8169,227,8396,1.1177723003993798,0.6648568045310621,0.9386475841419908,-1.4450497183181108,0.90625,0.9970982445802118,162.77728163916623
C,full_moladt,full MolADT WL plus explicit bonding-system token view,18,test,65,8169,227,8396,0.6384315083490173,0.41204838879947553,0.9617568297345761,-0.9822538043989679,0.9538461538461539,1.1416942954894367,154.72035146699216
C,full_moladt,full MolADT WL plus explicit bonding-system token view,19,train,577,8169,227,8396,0.03973726006497602,0.022527582038696592,0.9998953730277272,0.6037829787002318,0.9982668977469671,0.2140554354710213,125.94654458016475
C,full_moladt,full MolADT WL plus explicit bonding-system token view,19,valid,64,8169,227,8396,0.7909385693059912,0.602730638853476,0.9375161944245215,-1.125825302966059,0.921875,1.0290216858532992,132.70552981471127
C,full_moladt,full MolADT WL plus explicit bonding-system token view,19,test,65,8169,227,8396,1.110431762161155,0.6388346916896788,0.8952051715070791,-1.4893836748165261,0.9076923076923077,0.9696740524812534,125.94654458016475
