dataset,representation,model,method,split,mol_id,actual,predicted_mean,predictive_sd,seed
freesolv,moladt,moladt_wl_system_gp,empirical_bayes_exact_gp,train,mobley_1017962,-2.49,-2.4496501338642007,0.23228202368756903,18
freesolv,moladt,moladt_wl_system_gp,empirical_bayes_exact_gp,train,mobley_1019269,-4.72,-4.729793525351246,0.24648796696630673,18
freesolv,moladt,moladt_wl_system_gp,empirical_bayes_exact_gp,train,mobley_1034539,-3.04,-3.1584172707804057,0.24349132616194477,18
freesolv,moladt,moladt_wl_system_gp,empirical_bayes_exact_gp,train,mobley_1036761,-4.59,-4.627954922184992,0.24900552773712611,18
freesolv,moladt,moladt_wl_system_gp,empirical_bayes_exact_gp,train,mobley_1046331,-3.82,-3.8109399060366074,0.2488887902644745,18
freesolv,moladt,moladt_wl_system_gp,empirical_bayes_exact_gp,train,mobley_1075836,-2.93,-2.9146986628996254,0.2475332284715361,18
freesolv,moladt,moladt_wl_system_gp,empirical_bayes_exact_gp,train,mobley_1079207,-0.98,-0.982508784991079,0.24870288883238056,18
freesolv,moladt,moladt_wl_system_gp,empirical_bayes_exact_gp,train,mobley_1107178,-0.74,-0.7401024954023598,0.2502785181282696,18
freesolv,moladt,moladt_wl_system_gp,empirical_bayes_exact_gp,train,mobley_1139153,2.89,2.87938506004294,0.24379690839117926,18
freesolv,moladt,moladt_wl_system_gp,empirical_bayes_exact_gp,train,mobley_1144156,-1.59,-1.5880809496765642,0.24726818064362915,18
freesolv,moladt,moladt_wl_system_gp,empirical_bayes_exact_gp,train,mobley_1160109,-3.75,-3.7224587747762308,0.24694870630853002,18
freesolv,moladt,moladt_wl_system_gp,empirical_bayes_exact_gp,train,mobley_1178614,-4.55,-4.586167506572165,0.2485588124161612,18
freesolv,moladt,moladt_wl_system_gp,empirical_bayes_exact_gp,train,mobley_1189457,-2.73,-2.7392750112773085,0.24983153402551775,18
freesolv,moladt,moladt_wl_system_gp,empirical_bayes_exact_gp,train,mobley_1199854,-0.53,-0.5287363400785967,0.24951316154134887,18
freesolv,moladt,moladt_wl_system_gp,empirical_bayes_exact_gp,train,mobley_1231151,-0.25,-0.24890302979808165,0.2497274035644654,18
freesolv,moladt,moladt_wl_system_gp,empirical_bayes_exact_gp,train,mobley_1235151,-2.82,-2.7911790017346805,0.24834456898031915,18
freesolv,moladt,moladt_wl_system_gp,empirical_bayes_exact_gp,train,mobley_1244778,-5.48,-5.442230579815733,0.23844470449172336,18
freesolv,moladt,moladt_wl_system_gp,empirical_bayes_exact_gp,train,mobley_1261349,2.51,2.48900188069744,0.24956609091769136,18
freesolv,moladt,moladt_wl_system_gp,empirical_bayes_exact_gp,train,mobley_1278715,-0.64,-0.6430727673611534,0.25056518997330995,18
freesolv,moladt,moladt_wl_system_gp,empirical_bayes_exact_gp,train,mobley_129464,-0.83,-0.8016833633970717,0.24590516526022113,18
freesolv,moladt,moladt_wl_system_gp,empirical_bayes_exact_gp,train,mobley_1323538,-7.5,-7.468170624467392,0.2498525384531778,18
freesolv,moladt,moladt_wl_system_gp,empirical_bayes_exact_gp,train,mobley_1328936,-6.88,-6.88877679066594,0.248971110701805,18
freesolv,moladt,moladt_wl_system_gp,empirical_bayes_exact_gp,train,mobley_1352110,-3.64,-3.6937440601701534,0.24580166465795222,18
freesolv,moladt,moladt_wl_system_gp,empirical_bayes_exact_gp,train,mobley_1396156,-5.22,-5.209875962860753,0.2505297005828509,18
freesolv,moladt,moladt_wl_system_gp,empirical_bayes_exact_gp,train,mobley_1417007,-9.01,-9.026204258665125,0.2503641030865881,18
freesolv,moladt,moladt_wl_system_gp,empirical_bayes_exact_gp,train,mobley_1424265,-0.83,-0.8422592729200642,0.245901883322184,18
freesolv,moladt,moladt_wl_system_gp,empirical_bayes_exact_gp,train,mobley_1449384,-0.68,-0.680990810717772,0.24596069146809083,18
freesolv,moladt,moladt_wl_system_gp,empirical_bayes_exact_gp,train,mobley_1469079,-3.56,-3.5101463729494116,0.2435097790513692,18
freesolv,moladt,moladt_wl_system_gp,empirical_bayes_exact_gp,train,mobley_1520842,-4.93,-4.911422076632295,0.24838963248547716,18
freesolv,moladt,moladt_wl_system_gp,empirical_bayes_exact_gp,train,mobley_1527293,-8.42,-8.376683262825859,0.2465723131350357,18
freesolv,moladt,moladt_wl_system_gp,empirical_bayes_exact_gp,train,mobley_1563176,-0.99,-0.9924168390988077,0.2490041226328386,18
freesolv,moladt,moladt_wl_system_gp,empirical_bayes_exact_gp,train,mobley_1571523,-6.16,-6.124292571821378,0.24687121301861034,18
freesolv,moladt,moladt_wl_system_gp,empirical_bayes_exact_gp,train,mobley_1592519,-2.23,-2.2371899943512474,0.23446224512890465,18
freesolv,moladt,moladt_wl_system_gp,empirical_bayes_exact_gp,train,mobley_1615431,-0.53,-0.5291156201985361,0.2488811939814627,18
freesolv,moladt,moladt_wl_system_gp,empirical_bayes_exact_gp,train,mobley_1636752,-5.1,-5.09500361091579,0.2505758801672706,18
freesolv,moladt,moladt_wl_system_gp,empirical_bayes_exact_gp,train,mobley_1650157,-4.47,-4.471751143438869,0.24966965590843035,18
freesolv,moladt,moladt_wl_system_gp,empirical_bayes_exact_gp,train,mobley_1659169,-7.17,-7.167029266884072,0.24975961804360902,18
freesolv,moladt,moladt_wl_system_gp,empirical_bayes_exact_gp,train,mobley_1662128,1.38,1.3758890609168453,0.24818155725493873,18
freesolv,moladt,moladt_wl_system_gp,empirical_bayes_exact_gp,train,mobley_1708457,-10.08,-10.065762541018659,0.25033363654513185,18
freesolv,moladt,moladt_wl_system_gp,empirical_bayes_exact_gp,train,mobley_1722522,-2.49,-2.4919434142916135,0.23932005533821785,18
freesolv,moladt,moladt_wl_system_gp,empirical_bayes_exact_gp,train,mobley_1723043,3.43,3.425527016626305,0.2507365878766915,18
freesolv,moladt,moladt_wl_system_gp,empirical_bayes_exact_gp,train,mobley_1728386,-11.0,-10.930930831092885,0.24917242916117244,18
freesolv,moladt,moladt_wl_system_gp,empirical_bayes_exact_gp,train,mobley_172879,-3.15,-3.159778619532922,0.24455801714269623,18
freesolv,moladt,moladt_wl_system_gp,empirical_bayes_exact_gp,train,mobley_1733799,-5.85,-5.877056520673518,0.24930086704477505,18
freesolv,moladt,moladt_wl_system_gp,empirical_bayes_exact_gp,train,mobley_1735893,-6.21,-6.220318291083224,0.2417667499228325,18
freesolv,moladt,moladt_wl_system_gp,empirical_bayes_exact_gp,train,mobley_1743409,-5.71,-5.756626397767759,0.24735049815147783,18
freesolv,moladt,moladt_wl_system_gp,empirical_bayes_exact_gp,train,mobley_1755375,-5.26,-5.298383986394158,0.2480394000020963,18
freesolv,moladt,moladt_wl_system_gp,empirical_bayes_exact_gp,train,mobley_1760914,-1.14,-1.149973882125379,0.2475585251683743,18
freesolv,moladt,moladt_wl_system_gp,empirical_bayes_exact_gp,train,mobley_1770205,-10.03,-10.020054365524034,0.2501050189300012,18
freesolv,moladt,moladt_wl_system_gp,empirical_bayes_exact_gp,train,mobley_1781152,-2.4,-2.4164421247513874,0.24927926928536268,18
freesolv,moladt,moladt_wl_system_gp,empirical_bayes_exact_gp,train,mobley_1792062,-2.33,-2.3303702152396655,0.25045447255643016,18
freesolv,moladt,moladt_wl_system_gp,empirical_bayes_exact_gp,train,mobley_1800170,-1.14,-1.1437636140981957,0.25019520915840676,18
freesolv,moladt,moladt_wl_system_gp,empirical_bayes_exact_gp,train,mobley_1803862,2.38,2.3718592590970293,0.2449950824641144,18
freesolv,moladt,moladt_wl_system_gp,empirical_bayes_exact_gp,train,mobley_1821184,-5.88,-5.861188286819651,0.2488469336949436,18
freesolv,moladt,moladt_wl_system_gp,empirical_bayes_exact_gp,train,mobley_1827204,-2.81,-2.8175764729771613,0.23818449686257528,18
freesolv,moladt,moladt_wl_system_gp,empirical_bayes_exact_gp,train,mobley_1838110,1.77,1.7678668448046744,0.25072462118134703,18
freesolv,moladt,moladt_wl_system_gp,empirical_bayes_exact_gp,train,mobley_1849020,-6.5,-6.408616507591587,0.24903816066084247,18
freesolv,moladt,moladt_wl_system_gp,empirical_bayes_exact_gp,train,mobley_1855337,-1.62,-1.6121323323087884,0.24921906656713808,18
freesolv,moladt,moladt_wl_system_gp,empirical_bayes_exact_gp,train,mobley_1857976,-1.79,-1.7850454861197917,0.25019922025317926,18
freesolv,moladt,moladt_wl_system_gp,empirical_bayes_exact_gp,train,mobley_1858644,-6.79,-6.782381677902219,0.2473846182400917,18
freesolv,moladt,moladt_wl_system_gp,empirical_bayes_exact_gp,train,mobley_186894,-1.1,-1.1044898738133009,0.24941240282292537,18
freesolv,moladt,moladt_wl_system_gp,empirical_bayes_exact_gp,train,mobley_1873346,-0.9,-0.8843489783316842,0.24617666888824483,18
freesolv,moladt,moladt_wl_system_gp,empirical_bayes_exact_gp,train,mobley_1875719,-3.41,-3.3862569433267526,0.24930301092228724,18
freesolv,moladt,moladt_wl_system_gp,empirical_bayes_exact_gp,train,mobley_1881249,-3.52,-3.499264240224397,0.2462948772857083,18
freesolv,moladt,moladt_wl_system_gp,empirical_bayes_exact_gp,train,mobley_1893937,0.0,0.04507526393263106,0.23293412435842584,18
freesolv,moladt,moladt_wl_system_gp,empirical_bayes_exact_gp,train,mobley_1896013,-20.52,-20.54196290190572,0.24961167758137978,18
freesolv,moladt,moladt_wl_system_gp,empirical_bayes_exact_gp,train,mobley_1903702,-4.62,-4.613861693274049,0.24748070701303745,18
freesolv,moladt,moladt_wl_system_gp,empirical_bayes_exact_gp,train,mobley_1905088,-2.38,-2.3669275380898824,0.2489391196826732,18
freesolv,moladt,moladt_wl_system_gp,empirical_bayes_exact_gp,train,mobley_1922649,-7.19,-7.194265932982511,0.24995012116215112,18
freesolv,moladt,moladt_wl_system_gp,empirical_bayes_exact_gp,train,mobley_1923244,2.1,2.0829429061744364,0.24742568450723726,18
freesolv,moladt,moladt_wl_system_gp,empirical_bayes_exact_gp,train,mobley_194273,-9.73,-9.783408614671341,0.24955983877931665,18
freesolv,moladt,moladt_wl_system_gp,empirical_bayes_exact_gp,train,mobley_1944394,-9.34,-9.282075594154447,0.2489743769307241,18
freesolv,moladt,moladt_wl_system_gp,empirical_bayes_exact_gp,train,mobley_1952272,-4.02,-4.019303321858813,0.2507144778141565,18
freesolv,moladt,moladt_wl_system_gp,empirical_bayes_exact_gp,train,mobley_1963873,-10.0,-9.971463078659285,0.2498100570286249,18
freesolv,moladt,moladt_wl_system_gp,empirical_bayes_exact_gp,train,mobley_1967551,-3.5,-3.4947555599758267,0.25032988928029004,18
freesolv,moladt,moladt_wl_system_gp,empirical_bayes_exact_gp,train,mobley_197466,-4.61,-4.6038680689351095,0.249396542998896,18
freesolv,moladt,moladt_wl_system_gp,empirical_bayes_exact_gp,train,mobley_1976156,-2.07,-1.939706866898694,0.22228994873132352,18
freesolv,moladt,moladt_wl_system_gp,empirical_bayes_exact_gp,train,mobley_1977493,-0.33,-0.32982230552991476,0.249111978761075,18
freesolv,moladt,moladt_wl_system_gp,empirical_bayes_exact_gp,train,mobley_1987439,-0.9,-0.899051448645896,0.24809357325088344,18
freesolv,moladt,moladt_wl_system_gp,empirical_bayes_exact_gp,train,mobley_2005792,-2.7,-2.696511461121534,0.24686049715173694,18
freesolv,moladt,moladt_wl_system_gp,empirical_bayes_exact_gp,train,mobley_2008055,1.83,1.8128208310489096,0.25005511953730103,18
freesolv,moladt,moladt_wl_system_gp,empirical_bayes_exact_gp,train,mobley_2023925,0.1,0.10561155008605416,0.25059186743617945,18
freesolv,moladt,moladt_wl_system_gp,empirical_bayes_exact_gp,train,mobley_2043882,-3.9,-3.861405715594916,0.24693461106227133,18
freesolv,moladt,moladt_wl_system_gp,empirical_bayes_exact_gp,train,mobley_2049967,-1.5,-1.5110777820404628,0.24929982172510487,18
freesolv,moladt,moladt_wl_system_gp,empirical_bayes_exact_gp,train,mobley_20524,-6.6,-6.560714927460166,0.24805385906730293,18
freesolv,moladt,moladt_wl_system_gp,empirical_bayes_exact_gp,train,mobley_2068538,2.0,1.9832824465839276,0.24932532607325988,18
freesolv,moladt,moladt_wl_system_gp,empirical_bayes_exact_gp,train,mobley_2078467,-7.0,-6.994534583632555,0.24679956344543377,18
freesolv,moladt,moladt_wl_system_gp,empirical_bayes_exact_gp,train,mobley_2099370,-10.78,-10.761396656524516,0.24733584508343714,18
freesolv,moladt,moladt_wl_system_gp,empirical_bayes_exact_gp,train,mobley_2123854,-10.17,-10.145679105437711,0.2489656039976652,18
freesolv,moladt,moladt_wl_system_gp,empirical_bayes_exact_gp,train,mobley_2126135,-5.66,-5.627063171295059,0.24670603819714737,18
freesolv,moladt,moladt_wl_system_gp,empirical_bayes_exact_gp,train,mobley_2143011,1.83,1.8116428259909951,0.24897415563145076,18
freesolv,moladt,moladt_wl_system_gp,empirical_bayes_exact_gp,train,mobley_2146331,-2.75,-2.751320519072702,0.25079715829649246,18
freesolv,moladt,moladt_wl_system_gp,empirical_bayes_exact_gp,train,mobley_2178600,-0.1,-0.10391576775326339,0.2433646029895068,18
freesolv,moladt,moladt_wl_system_gp,empirical_bayes_exact_gp,train,mobley_2183616,-0.45,-0.4466430710269127,0.24652287367323378,18
freesolv,moladt,moladt_wl_system_gp,empirical_bayes_exact_gp,train,mobley_2197088,3.16,2.781185926309474,0.22509258711905045,18
freesolv,moladt,moladt_wl_system_gp,empirical_bayes_exact_gp,train,mobley_2213823,2.51,2.5007108514543535,0.2453984459455501,18
freesolv,moladt,moladt_wl_system_gp,empirical_bayes_exact_gp,train,mobley_2245668,-4.5,-4.471443484818085,0.24776299664919785,18
freesolv,moladt,moladt_wl_system_gp,empirical_bayes_exact_gp,train,mobley_2261979,-3.15,-3.163781513964272,0.24835435294280062,18
freesolv,moladt,moladt_wl_system_gp,empirical_bayes_exact_gp,train,mobley_2269032,-10.21,-10.175776887889501,0.24791148352784279,18
freesolv,moladt,moladt_wl_system_gp,empirical_bayes_exact_gp,train,mobley_2279874,-4.42,-4.435090615504953,0.2498234911924661,18
freesolv,moladt,moladt_wl_system_gp,empirical_bayes_exact_gp,train,mobley_2294995,-2.56,-2.571942321262263,0.2493068629301442,18
freesolv,moladt,moladt_wl_system_gp,empirical_bayes_exact_gp,train,mobley_2295058,-9.51,-9.489873723390943,0.24600450469622218,18
freesolv,moladt,moladt_wl_system_gp,empirical_bayes_exact_gp,train,mobley_2310185,-5.0,-4.994995982483934,0.2498047067826557,18
freesolv,moladt,moladt_wl_system_gp,empirical_bayes_exact_gp,train,mobley_2316618,-14.21,-14.075098433884675,0.24817249510665704,18
freesolv,moladt,moladt_wl_system_gp,empirical_bayes_exact_gp,train,mobley_2328633,2.55,2.4423742915384508,0.24730883104428855,18
freesolv,moladt,moladt_wl_system_gp,empirical_bayes_exact_gp,train,mobley_2341732,-2.56,-2.5975732214788794,0.23717412672721466,18
freesolv,moladt,moladt_wl_system_gp,empirical_bayes_exact_gp,train,mobley_2354112,-6.25,-6.260416153670616,0.24555881730034917,18
freesolv,moladt,moladt_wl_system_gp,empirical_bayes_exact_gp,train,mobley_2364370,-2.64,-2.6604312173318156,0.24217795394241987,18
freesolv,moladt,moladt_wl_system_gp,empirical_bayes_exact_gp,train,mobley_2371092,-5.22,-5.196762780197904,0.24795754369063297,18
freesolv,moladt,moladt_wl_system_gp,empirical_bayes_exact_gp,train,mobley_2410897,-4.5,-4.506918996062507,0.2499667401436681,18
freesolv,moladt,moladt_wl_system_gp,empirical_bayes_exact_gp,train,mobley_2422586,-1.66,-1.65636947368812,0.2467400000796253,18
freesolv,moladt,moladt_wl_system_gp,empirical_bayes_exact_gp,train,mobley_242480,-11.85,-11.781530514682677,0.2487765545446362,18
freesolv,moladt,moladt_wl_system_gp,empirical_bayes_exact_gp,train,mobley_2451097,-4.1,-4.10996805873493,0.24855851697345768,18
freesolv,moladt,moladt_wl_system_gp,empirical_bayes_exact_gp,train,mobley_2457863,-7.66,-7.628898596560074,0.24739079393275784,18
freesolv,moladt,moladt_wl_system_gp,empirical_bayes_exact_gp,train,mobley_2481002,-1.45,-1.4531191312619347,0.2507938271468847,18
freesolv,moladt,moladt_wl_system_gp,empirical_bayes_exact_gp,train,mobley_2484519,-1.93,-1.9295145464561199,0.24870797285141294,18
freesolv,moladt,moladt_wl_system_gp,empirical_bayes_exact_gp,train,mobley_2487143,-3.28,-3.3119682401002914,0.24084360984737255,18
freesolv,moladt,moladt_wl_system_gp,empirical_bayes_exact_gp,train,mobley_2489709,-1.36,-1.3506843264750388,0.24885872844431012,18
freesolv,moladt,moladt_wl_system_gp,empirical_bayes_exact_gp,train,mobley_2492140,-1.23,-1.2278155444303227,0.2502208944705353,18
freesolv,moladt,moladt_wl_system_gp,empirical_bayes_exact_gp,train,mobley_2493732,0.25,0.2403002445206499,0.2503417876535588,18
freesolv,moladt,moladt_wl_system_gp,empirical_bayes_exact_gp,train,mobley_2501588,-2.45,-2.5310768560066457,0.24734054486375326,18
freesolv,moladt,moladt_wl_system_gp,empirical_bayes_exact_gp,train,mobley_2517158,0.34,0.36636016059124143,0.22072679627304634,18
freesolv,moladt,moladt_wl_system_gp,empirical_bayes_exact_gp,train,mobley_2518989,-5.74,-5.927055787781811,0.24909342889777789,18
freesolv,moladt,moladt_wl_system_gp,empirical_bayes_exact_gp,train,mobley_2523689,-16.43,-16.38110779502525,0.2501429892748838,18
freesolv,moladt,moladt_wl_system_gp,empirical_bayes_exact_gp,train,mobley_252413,2.88,2.8373740809097305,0.24455902609774224,18
freesolv,moladt,moladt_wl_system_gp,empirical_bayes_exact_gp,train,mobley_2577969,-4.52,-4.51151879114881,0.24957863107761508,18
freesolv,moladt,moladt_wl_system_gp,empirical_bayes_exact_gp,train,mobley_2607611,-2.26,-2.3282621775951786,0.23693479815256796,18
freesolv,moladt,moladt_wl_system_gp,empirical_bayes_exact_gp,train,mobley_2609604,2.56,2.50396971388068,0.24813462180357362,18
freesolv,moladt,moladt_wl_system_gp,empirical_bayes_exact_gp,train,mobley_2613240,-5.33,-5.163189236667581,0.2469903297077513,18
freesolv,moladt,moladt_wl_system_gp,empirical_bayes_exact_gp,train,mobley_2636578,-4.8,-4.802358284052961,0.24979678223274213,18
freesolv,moladt,moladt_wl_system_gp,empirical_bayes_exact_gp,train,mobley_2659552,-9.76,-9.694314977205929,0.24650023302460622,18
freesolv,moladt,moladt_wl_system_gp,empirical_bayes_exact_gp,train,mobley_2661134,-9.65,-9.651641538513474,0.24831569237188694,18
freesolv,moladt,moladt_wl_system_gp,empirical_bayes_exact_gp,train,mobley_2681549,-0.78,-0.7855064744075388,0.24974297444709942,18
freesolv,moladt,moladt_wl_system_gp,empirical_bayes_exact_gp,train,mobley_2689721,1.23,1.1137913700833217,0.23909620496937084,18
freesolv,moladt,moladt_wl_system_gp,empirical_bayes_exact_gp,train,mobley_2693089,-5.04,-5.013107168247489,0.24934475016568236,18
freesolv,moladt,moladt_wl_system_gp,empirical_bayes_exact_gp,train,mobley_2725215,-7.98,-7.964877476271891,0.24993069093173315,18
freesolv,moladt,moladt_wl_system_gp,empirical_bayes_exact_gp,train,mobley_2725802,-9.8,-9.73522027507549,0.24938829511655236,18
freesolv,moladt,moladt_wl_system_gp,empirical_bayes_exact_gp,train,mobley_2727678,-18.72,-18.710948226464463,0.2504551319038476,18
freesolv,moladt,moladt_wl_system_gp,empirical_bayes_exact_gp,train,mobley_2751110,-10.64,-10.571733869215898,0.2493195871011427,18
freesolv,moladt,moladt_wl_system_gp,empirical_bayes_exact_gp,train,mobley_2771569,-7.77,-7.7754001406697455,0.24909645950259182,18
freesolv,moladt,moladt_wl_system_gp,empirical_bayes_exact_gp,train,mobley_2782339,-9.61,-9.635669029687556,0.2501519080126995,18
freesolv,moladt,moladt_wl_system_gp,empirical_bayes_exact_gp,train,mobley_2784376,0.75,0.7503242056909083,0.24958722705318384,18
freesolv,moladt,moladt_wl_system_gp,empirical_bayes_exact_gp,train,mobley_2789243,-4.01,-4.012442596158483,0.2496563938689913,18
freesolv,moladt,moladt_wl_system_gp,empirical_bayes_exact_gp,train,mobley_2792521,-3.68,-3.6544752973186103,0.246726247277492,18
freesolv,moladt,moladt_wl_system_gp,empirical_bayes_exact_gp,train,mobley_2802855,-0.4,-0.39383981911913146,0.24740671248706275,18
freesolv,moladt,moladt_wl_system_gp,empirical_bayes_exact_gp,train,mobley_2845466,-3.37,-3.3990424832381536,0.24762136332960133,18
freesolv,moladt,moladt_wl_system_gp,empirical_bayes_exact_gp,train,mobley_2850833,-4.68,-4.83244903086919,0.24821286536567316,18
freesolv,moladt,moladt_wl_system_gp,empirical_bayes_exact_gp,train,mobley_2859600,-1.24,-1.2560622532225887,0.2484651839372317,18
freesolv,moladt,moladt_wl_system_gp,empirical_bayes_exact_gp,train,mobley_2864987,-4.39,-4.394421179844938,0.24618068626620324,18
freesolv,moladt,moladt_wl_system_gp,empirical_bayes_exact_gp,train,mobley_2881590,-1.88,-1.8769277326195166,0.24886771287188741,18
freesolv,moladt,moladt_wl_system_gp,empirical_bayes_exact_gp,train,mobley_2913224,-9.94,-9.91375143789917,0.2490365780672549,18
freesolv,moladt,moladt_wl_system_gp,empirical_bayes_exact_gp,train,mobley_2923700,-6.13,-6.134746636569915,0.24506778163617476,18
freesolv,moladt,moladt_wl_system_gp,empirical_bayes_exact_gp,train,mobley_2925352,-6.13,-6.1629860108720464,0.24732958010195424,18
freesolv,moladt,moladt_wl_system_gp,empirical_bayes_exact_gp,train,mobley_2929847,-6.09,-6.1142570052074845,0.24798508770993752,18
freesolv,moladt,moladt_wl_system_gp,empirical_bayes_exact_gp,train,mobley_2958326,-3.65,-3.6479767374101746,0.24866039721908562,18
freesolv,moladt,moladt_wl_system_gp,empirical_bayes_exact_gp,train,mobley_2960202,-3.71,-3.7343362902160306,0.24677748007261857,18
freesolv,moladt,moladt_wl_system_gp,empirical_bayes_exact_gp,train,mobley_296847,-4.69,-4.677140793146718,0.24940365919336027,18
freesolv,moladt,moladt_wl_system_gp,empirical_bayes_exact_gp,train,mobley_2972906,-1.4,-1.405469505962,0.25056448997776065,18
freesolv,moladt,moladt_wl_system_gp,empirical_bayes_exact_gp,train,mobley_299266,1.16,1.1519054824906472,0.24941178562315205,18
freesolv,moladt,moladt_wl_system_gp,empirical_bayes_exact_gp,train,mobley_2996632,-1.08,-1.0778484222260358,0.25051875727651596,18
freesolv,moladt,moladt_wl_system_gp,empirical_bayes_exact_gp,train,mobley_3006808,-4.31,-4.308511121554616,0.2505595492420019,18
freesolv,moladt,moladt_wl_system_gp,empirical_bayes_exact_gp,train,mobley_303222,1.32,1.3044241059106771,0.2494863000793125,18
freesolv,moladt,moladt_wl_system_gp,empirical_bayes_exact_gp,train,mobley_3034976,-6.69,-6.692981703697114,0.2504700509525654,18
freesolv,moladt,moladt_wl_system_gp,empirical_bayes_exact_gp,train,mobley_3040612,-0.85,-0.8387814204848936,0.24429096181343035,18
freesolv,moladt,moladt_wl_system_gp,empirical_bayes_exact_gp,train,mobley_3047364,-7.65,-7.676904317179019,0.24876328753574986,18
freesolv,moladt,moladt_wl_system_gp,empirical_bayes_exact_gp,train,mobley_3053621,-0.9,-0.9062487158418766,0.24946889263585806,18
freesolv,moladt,moladt_wl_system_gp,empirical_bayes_exact_gp,train,mobley_3060426,2.93,2.917144839471018,0.2437447913949469,18
freesolv,moladt,moladt_wl_system_gp,empirical_bayes_exact_gp,train,mobley_3083321,-2.93,-2.937529298788565,0.249791231802532,18
freesolv,moladt,moladt_wl_system_gp,empirical_bayes_exact_gp,train,mobley_3105103,-11.14,-11.127801883655255,0.24978941480474687,18
freesolv,moladt,moladt_wl_system_gp,empirical_bayes_exact_gp,train,mobley_313406,-4.85,-4.839508619873548,0.24875987083615714,18
freesolv,moladt,moladt_wl_system_gp,empirical_bayes_exact_gp,train,mobley_3144334,-5.91,-5.88720616635899,0.24543115796959808,18
freesolv,moladt,moladt_wl_system_gp,empirical_bayes_exact_gp,train,mobley_3151666,-3.64,-3.4471239790688664,0.22519940538809835,18
freesolv,moladt,moladt_wl_system_gp,empirical_bayes_exact_gp,train,mobley_3169935,-4.91,-4.933450766186644,0.2489446043788769,18
freesolv,moladt,moladt_wl_system_gp,empirical_bayes_exact_gp,train,mobley_3183805,-0.86,-0.9066461236179215,0.24339222638062338,18
freesolv,moladt,moladt_wl_system_gp,empirical_bayes_exact_gp,train,mobley_3187514,-5.53,-5.509367274547592,0.24722519781236896,18
freesolv,moladt,moladt_wl_system_gp,empirical_bayes_exact_gp,train,mobley_3201701,-9.41,-9.412268750659157,0.2499457020046443,18
freesolv,moladt,moladt_wl_system_gp,empirical_bayes_exact_gp,train,mobley_3211679,0.14,0.15029612857074826,0.24694645068413731,18
freesolv,moladt,moladt_wl_system_gp,empirical_bayes_exact_gp,train,mobley_3259411,-13.43,-13.439573536745998,0.25020715159203827,18
freesolv,moladt,moladt_wl_system_gp,empirical_bayes_exact_gp,train,mobley_3264884,-7.47,-7.467438528818981,0.2485534474849852,18
freesolv,moladt,moladt_wl_system_gp,empirical_bayes_exact_gp,train,mobley_3265457,-7.78,-7.83836981746282,0.24705311122875961,18
freesolv,moladt,moladt_wl_system_gp,empirical_bayes_exact_gp,train,mobley_3266352,-1.92,-1.936466252222233,0.2498275723925673,18
freesolv,moladt,moladt_wl_system_gp,empirical_bayes_exact_gp,train,mobley_3269565,-2.01,-1.9494166963186392,0.24765926978344896,18
freesolv,moladt,moladt_wl_system_gp,empirical_bayes_exact_gp,train,mobley_3269819,-3.17,-3.2288368533452143,0.2450543905260397,18
freesolv,moladt,moladt_wl_system_gp,empirical_bayes_exact_gp,train,mobley_3318135,-2.64,-2.539788561720875,0.24598546241233832,18
freesolv,moladt,moladt_wl_system_gp,empirical_bayes_exact_gp,train,mobley_3323117,-8.61,-8.598792241012765,0.25040816810126126,18
freesolv,moladt,moladt_wl_system_gp,empirical_bayes_exact_gp,train,mobley_3325209,-4.04,-4.079249426467019,0.24893437100683383,18
freesolv,moladt,moladt_wl_system_gp,empirical_bayes_exact_gp,train,mobley_3359593,-5.26,-5.305311989012463,0.24577244183798694,18
freesolv,moladt,moladt_wl_system_gp,empirical_bayes_exact_gp,train,mobley_337666,-16.92,-16.92264163240529,0.25019744690450596,18
freesolv,moladt,moladt_wl_system_gp,empirical_bayes_exact_gp,train,mobley_3378420,-3.88,-3.7774461396980605,0.22060611003785421,18
freesolv,moladt,moladt_wl_system_gp,empirical_bayes_exact_gp,train,mobley_3395921,-3.12,-3.0995216022704533,0.24821237859827897,18
freesolv,moladt,moladt_wl_system_gp,empirical_bayes_exact_gp,train,mobley_3398536,-1.74,-1.7500268477155747,0.2494235113611376,18
freesolv,moladt,moladt_wl_system_gp,empirical_bayes_exact_gp,train,mobley_3425174,-0.77,-0.7723928573268699,0.25057730888111923,18
freesolv,moladt,moladt_wl_system_gp,empirical_bayes_exact_gp,train,mobley_3452749,-1.21,-1.169902863467879,0.2463951597317821,18
freesolv,moladt,moladt_wl_system_gp,empirical_bayes_exact_gp,train,mobley_349850,-4.7,-4.6764645005428696,0.24654232631753184,18
freesolv,moladt,moladt_wl_system_gp,empirical_bayes_exact_gp,train,mobley_3515580,-5.94,-5.996118486910021,0.2467990414192488,18
freesolv,moladt,moladt_wl_system_gp,empirical_bayes_exact_gp,train,mobley_352111,-6.34,-6.330716493130787,0.24766017155792178,18
freesolv,moladt,moladt_wl_system_gp,empirical_bayes_exact_gp,train,mobley_3525176,-0.23,-0.17438948165590684,0.22888029930107193,18
freesolv,moladt,moladt_wl_system_gp,empirical_bayes_exact_gp,train,mobley_3546460,-4.4,-4.45154959086841,0.23717093686525945,18
freesolv,moladt,moladt_wl_system_gp,empirical_bayes_exact_gp,train,mobley_3572203,-2.11,-2.1542808578358903,0.24170499483756022,18
freesolv,moladt,moladt_wl_system_gp,empirical_bayes_exact_gp,train,mobley_3573480,-3.04,-3.0783088007170893,0.2296245882014868,18
freesolv,moladt,moladt_wl_system_gp,empirical_bayes_exact_gp,train,mobley_3589456,-4.59,-4.5958682441179635,0.24871789407700373,18
freesolv,moladt,moladt_wl_system_gp,empirical_bayes_exact_gp,train,mobley_3639400,-0.16,-0.17106243595936155,0.2472436779392063,18
freesolv,moladt,moladt_wl_system_gp,empirical_bayes_exact_gp,train,mobley_3663158,-8.11,-8.06720124148454,0.2484155376823608,18
freesolv,moladt,moladt_wl_system_gp,empirical_bayes_exact_gp,train,mobley_3682850,-4.91,-4.8905387911603855,0.24421227572542675,18
freesolv,moladt,moladt_wl_system_gp,empirical_bayes_exact_gp,train,mobley_3686115,-3.28,-3.232217149667028,0.2482109818452495,18
freesolv,moladt,moladt_wl_system_gp,empirical_bayes_exact_gp,train,mobley_3690931,-2.28,-2.3316491859429758,0.24102398417571996,18
freesolv,moladt,moladt_wl_system_gp,empirical_bayes_exact_gp,train,mobley_3715043,-2.82,-2.7840048170675846,0.2470241325864771,18
freesolv,moladt,moladt_wl_system_gp,empirical_bayes_exact_gp,train,mobley_3727287,-6.5,-6.504592411648149,0.2506448774540942,18
freesolv,moladt,moladt_wl_system_gp,empirical_bayes_exact_gp,train,mobley_3738859,-0.1,-0.09676334878867632,0.243402031530534,18
freesolv,moladt,moladt_wl_system_gp,empirical_bayes_exact_gp,train,mobley_3746675,-1.24,-1.243569812853866,0.24782340706465467,18
freesolv,moladt,moladt_wl_system_gp,empirical_bayes_exact_gp,train,mobley_3761215,-0.19,-0.20232889407094845,0.2503302619834297,18
freesolv,moladt,moladt_wl_system_gp,empirical_bayes_exact_gp,train,mobley_3762186,-1.31,-1.3083983424437502,0.25050202174091973,18
freesolv,moladt,moladt_wl_system_gp,empirical_bayes_exact_gp,train,mobley_3775790,-2.89,-2.914355892062856,0.2501000819750448,18
freesolv,moladt,moladt_wl_system_gp,empirical_bayes_exact_gp,train,mobley_3802803,-1.66,-1.6755302588275076,0.24857006399604373,18
freesolv,moladt,moladt_wl_system_gp,empirical_bayes_exact_gp,train,mobley_3843583,-7.28,-7.289671946190547,0.2485808019272435,18
freesolv,moladt,moladt_wl_system_gp,empirical_bayes_exact_gp,train,mobley_3968043,-4.7,-4.717531717512618,0.24655040143123783,18
freesolv,moladt,moladt_wl_system_gp,empirical_bayes_exact_gp,train,mobley_3968739,-3.92,-3.930114344221489,0.24586287640430807,18
freesolv,moladt,moladt_wl_system_gp,empirical_bayes_exact_gp,train,mobley_3969312,-4.02,-4.00906973058188,0.24763637900155505,18
freesolv,moladt,moladt_wl_system_gp,empirical_bayes_exact_gp,train,mobley_397645,-3.64,-3.6887860016798135,0.24496064980369597,18
freesolv,moladt,moladt_wl_system_gp,empirical_bayes_exact_gp,train,mobley_3980099,-1.24,-1.249609610576532,0.248844489591471,18
freesolv,moladt,moladt_wl_system_gp,empirical_bayes_exact_gp,train,mobley_3982371,-3.13,-3.1228665158282416,0.2490332424190978,18
freesolv,moladt,moladt_wl_system_gp,empirical_bayes_exact_gp,train,mobley_3999471,-0.84,-0.8406937380490058,0.25015423868940734,18
freesolv,moladt,moladt_wl_system_gp,empirical_bayes_exact_gp,train,mobley_4013838,-2.74,-2.7098579393250777,0.24867946229100102,18
freesolv,moladt,moladt_wl_system_gp,empirical_bayes_exact_gp,train,mobley_4035953,-5.9,-5.854523031984654,0.24640254991027935,18
freesolv,moladt,moladt_wl_system_gp,empirical_bayes_exact_gp,train,mobley_4039055,-18.17,-18.162017984963875,0.25044296466804916,18
freesolv,moladt,moladt_wl_system_gp,empirical_bayes_exact_gp,train,mobley_4043951,1.68,1.6507537236178345,0.24570111183824095,18
freesolv,moladt,moladt_wl_system_gp,empirical_bayes_exact_gp,train,mobley_4043987,2.93,2.8980716441224135,0.24068056395522233,18
freesolv,moladt,moladt_wl_system_gp,empirical_bayes_exact_gp,train,mobley_4059279,-7.58,-7.555405169361062,0.24961585167364903,18
freesolv,moladt,moladt_wl_system_gp,empirical_bayes_exact_gp,train,mobley_4149784,-3.67,-3.6260040394882074,0.2454860845942214,18
freesolv,moladt,moladt_wl_system_gp,empirical_bayes_exact_gp,train,mobley_4177472,2.56,2.5214856422775003,0.24640657552024492,18
freesolv,moladt,moladt_wl_system_gp,empirical_bayes_exact_gp,train,mobley_4188615,-9.29,-9.331439532834652,0.24656390129953876,18
freesolv,moladt,moladt_wl_system_gp,empirical_bayes_exact_gp,train,mobley_4193752,-4.12,-4.089114497218031,0.24887322766686557,18
freesolv,moladt,moladt_wl_system_gp,empirical_bayes_exact_gp,train,mobley_4218209,-7.48,-7.4692695682534325,0.24818743872841867,18
freesolv,moladt,moladt_wl_system_gp,empirical_bayes_exact_gp,train,mobley_4219614,-1.34,-1.351373205150923,0.24928163621462907,18
freesolv,moladt,moladt_wl_system_gp,empirical_bayes_exact_gp,train,mobley_4252724,0.16,0.11339198033138498,0.24561464258253046,18
freesolv,moladt,moladt_wl_system_gp,empirical_bayes_exact_gp,train,mobley_4287564,-4.63,-4.639276526361193,0.2480864266711741,18
freesolv,moladt,moladt_wl_system_gp,empirical_bayes_exact_gp,train,mobley_4291494,-4.39,-4.375136869309622,0.24975405699575956,18
freesolv,moladt,moladt_wl_system_gp,empirical_bayes_exact_gp,train,mobley_4305650,-3.84,-3.8343340998878146,0.2500366224023308,18
freesolv,moladt,moladt_wl_system_gp,empirical_bayes_exact_gp,train,mobley_4338603,-15.83,-15.839513507666156,0.25044128137716937,18
freesolv,moladt,moladt_wl_system_gp,empirical_bayes_exact_gp,train,mobley_4371692,-9.53,-9.72779898832706,0.24696209872376734,18
freesolv,moladt,moladt_wl_system_gp,empirical_bayes_exact_gp,train,mobley_4375719,3.13,2.9607499617722035,0.21460528369910153,18
freesolv,moladt,moladt_wl_system_gp,empirical_bayes_exact_gp,train,mobley_4395315,-6.79,-6.795595943317844,0.2481771119749643,18
freesolv,moladt,moladt_wl_system_gp,empirical_bayes_exact_gp,train,mobley_4434915,-0.55,-0.5486734357858305,0.2504248555428463,18
freesolv,moladt,moladt_wl_system_gp,empirical_bayes_exact_gp,train,mobley_4463913,-4.97,-4.991018644462208,0.2487934315788186,18
freesolv,moladt,moladt_wl_system_gp,empirical_bayes_exact_gp,train,mobley_4465023,-1.17,-0.973126255995826,0.21711276456131573,18
freesolv,moladt,moladt_wl_system_gp,empirical_bayes_exact_gp,train,mobley_4479135,-2.78,-2.79654675896142,0.24813778213635965,18
freesolv,moladt,moladt_wl_system_gp,empirical_bayes_exact_gp,train,mobley_4483973,-0.8,-0.8050015664689769,0.24909441738682037,18
freesolv,moladt,moladt_wl_system_gp,empirical_bayes_exact_gp,train,mobley_4494568,-1.39,-1.40358321454076,0.24878442571972972,18
freesolv,moladt,moladt_wl_system_gp,empirical_bayes_exact_gp,train,mobley_4506634,-0.11,-0.10884171698493494,0.2504906473715619,18
freesolv,moladt,moladt_wl_system_gp,empirical_bayes_exact_gp,train,mobley_4553008,-1.01,-1.0186941859457765,0.2495962324991626,18
freesolv,moladt,moladt_wl_system_gp,empirical_bayes_exact_gp,train,mobley_4561957,2.34,2.322806715170598,0.24690440213733114,18
freesolv,moladt,moladt_wl_system_gp,empirical_bayes_exact_gp,train,mobley_4584540,-4.59,-4.588661177644251,0.24866448561506407,18
freesolv,moladt,moladt_wl_system_gp,empirical_bayes_exact_gp,train,mobley_4587267,-23.62,-23.70090577610433,0.24970432469475456,18
freesolv,moladt,moladt_wl_system_gp,empirical_bayes_exact_gp,train,mobley_4603202,-4.23,-4.215140812089018,0.25002490137349287,18
freesolv,moladt,moladt_wl_system_gp,empirical_bayes_exact_gp,train,mobley_4609460,-9.2,-9.193533873236232,0.24424476165481065,18
freesolv,moladt,moladt_wl_system_gp,empirical_bayes_exact_gp,train,mobley_4613090,-7.63,-7.624200858553387,0.24964042816173895,18
freesolv,moladt,moladt_wl_system_gp,empirical_bayes_exact_gp,train,mobley_4630641,-4.84,-4.820641390776654,0.24885651425242034,18
freesolv,moladt,moladt_wl_system_gp,empirical_bayes_exact_gp,train,mobley_4639255,-9.3,-9.301239270783705,0.25020207352446894,18
freesolv,moladt,moladt_wl_system_gp,empirical_bayes_exact_gp,train,mobley_4678740,1.07,1.065099834795879,0.24966194964845184,18
freesolv,moladt,moladt_wl_system_gp,empirical_bayes_exact_gp,train,mobley_4683624,-5.21,-5.244515781172668,0.2441885432703105,18
freesolv,moladt,moladt_wl_system_gp,empirical_bayes_exact_gp,train,mobley_4687447,-6.4,-6.433339500649646,0.2433138160766309,18
freesolv,moladt,moladt_wl_system_gp,empirical_bayes_exact_gp,train,mobley_468867,-2.55,-2.5617608174621846,0.2498624918591944,18
freesolv,moladt,moladt_wl_system_gp,empirical_bayes_exact_gp,train,mobley_4694328,-2.29,-2.333138550586729,0.22008037324991836,18
freesolv,moladt,moladt_wl_system_gp,empirical_bayes_exact_gp,train,mobley_4699732,-1.27,-1.2731663902895787,0.24975623829192828,18
freesolv,moladt,moladt_wl_system_gp,empirical_bayes_exact_gp,train,mobley_4759887,0.27,0.2897923411062622,0.2354991937461891,18
freesolv,moladt,moladt_wl_system_gp,empirical_bayes_exact_gp,train,mobley_4762983,1.66,1.686620228734006,0.2296450815068137,18
freesolv,moladt,moladt_wl_system_gp,empirical_bayes_exact_gp,train,mobley_4780078,-6.01,-5.981789310999801,0.2454547857308261,18
freesolv,moladt,moladt_wl_system_gp,empirical_bayes_exact_gp,train,mobley_4792268,-6.16,-6.187054270141189,0.24319499084728344,18
freesolv,moladt,moladt_wl_system_gp,empirical_bayes_exact_gp,train,mobley_4845722,-2.33,-2.3305532436097556,0.25037572470843344,18
freesolv,moladt,moladt_wl_system_gp,empirical_bayes_exact_gp,train,mobley_4850657,-4.87,-4.87426217745828,0.2507846175427446,18
freesolv,moladt,moladt_wl_system_gp,empirical_bayes_exact_gp,train,mobley_486214,-6.96,-7.010380854330629,0.247245868952966,18
freesolv,moladt,moladt_wl_system_gp,empirical_bayes_exact_gp,train,mobley_4883284,-5.49,-5.493683723939424,0.24830398181434366,18
freesolv,moladt,moladt_wl_system_gp,empirical_bayes_exact_gp,train,mobley_4884177,-4.59,-4.601799416591268,0.24762200807782359,18
freesolv,moladt,moladt_wl_system_gp,empirical_bayes_exact_gp,train,mobley_4893032,-3.52,-3.4577282131316154,0.24823714037697356,18
freesolv,moladt,moladt_wl_system_gp,empirical_bayes_exact_gp,train,mobley_4924862,-2.13,-2.19307673924047,0.24534707397446096,18
freesolv,moladt,moladt_wl_system_gp,empirical_bayes_exact_gp,train,mobley_49274,0.6,0.5796820243143626,0.24008680415818642,18
freesolv,moladt,moladt_wl_system_gp,empirical_bayes_exact_gp,train,mobley_4934872,-5.23,-5.219155557075947,0.24882655954344413,18
freesolv,moladt,moladt_wl_system_gp,empirical_bayes_exact_gp,train,mobley_4936555,-6.78,-6.945694220305742,0.2483622193930383,18
freesolv,moladt,moladt_wl_system_gp,empirical_bayes_exact_gp,train,mobley_4964807,-5.99,-5.990932329503656,0.25024589273703224,18
freesolv,moladt,moladt_wl_system_gp,empirical_bayes_exact_gp,train,mobley_4983965,-1.46,-1.4558583324547638,0.2493554349222274,18
freesolv,moladt,moladt_wl_system_gp,empirical_bayes_exact_gp,train,mobley_5003962,-11.53,-11.400869942171434,0.24680533035785684,18
freesolv,moladt,moladt_wl_system_gp,empirical_bayes_exact_gp,train,mobley_5006685,-4.09,-4.096426164976681,0.24729005844162932,18
freesolv,moladt,moladt_wl_system_gp,empirical_bayes_exact_gp,train,mobley_5026370,-6.02,-6.044278026828383,0.24960869326508536,18
freesolv,moladt,moladt_wl_system_gp,empirical_bayes_exact_gp,train,mobley_5052949,-1.28,-1.2530617026798638,0.24925274186300503,18
freesolv,moladt,moladt_wl_system_gp,empirical_bayes_exact_gp,train,mobley_5056289,-3.3,-3.271916368705111,0.24808037311213765,18
freesolv,moladt,moladt_wl_system_gp,empirical_bayes_exact_gp,train,mobley_5063386,-4.58,-4.681184213616991,0.2492291286370807,18
freesolv,moladt,moladt_wl_system_gp,empirical_bayes_exact_gp,train,mobley_5072416,-6.12,-6.147934303509539,0.2479713604792843,18
freesolv,moladt,moladt_wl_system_gp,empirical_bayes_exact_gp,train,mobley_5076071,-5.66,-5.675527374636105,0.2499076635040238,18
freesolv,moladt,moladt_wl_system_gp,empirical_bayes_exact_gp,train,mobley_5094777,-1.46,-1.4761762168666936,0.24871554487569553,18
freesolv,moladt,moladt_wl_system_gp,empirical_bayes_exact_gp,train,mobley_5110043,-2.63,-2.639356663902946,0.24840556783552628,18
freesolv,moladt,moladt_wl_system_gp,empirical_bayes_exact_gp,train,mobley_511661,0.56,0.564472743702574,0.24991973521085328,18
freesolv,moladt,moladt_wl_system_gp,empirical_bayes_exact_gp,train,mobley_5123639,-3.73,-3.701463638878125,0.2460350091191475,18
freesolv,moladt,moladt_wl_system_gp,empirical_bayes_exact_gp,train,mobley_5157661,2.3,2.284376373036507,0.2493448705314444,18
freesolv,moladt,moladt_wl_system_gp,empirical_bayes_exact_gp,train,mobley_5200358,-9.84,-9.84950163361373,0.2499708099620484,18
freesolv,moladt,moladt_wl_system_gp,empirical_bayes_exact_gp,train,mobley_5220185,-5.45,-5.473798823339177,0.24921740846706264,18
freesolv,moladt,moladt_wl_system_gp,empirical_bayes_exact_gp,train,mobley_525934,-1.2,-1.1998140772769563,0.25067646774601754,18
freesolv,moladt,moladt_wl_system_gp,empirical_bayes_exact_gp,train,mobley_5263791,-2.4,-2.419916452420331,0.2453505338322335,18
freesolv,moladt,moladt_wl_system_gp,empirical_bayes_exact_gp,train,mobley_52782,-5.73,-5.729253622430571,0.25041035991723165,18
freesolv,moladt,moladt_wl_system_gp,empirical_bayes_exact_gp,train,mobley_5282042,-7.43,-7.443749598930834,0.24967687585725876,18
freesolv,moladt,moladt_wl_system_gp,empirical_bayes_exact_gp,train,mobley_5310099,1.58,1.6053844065550815,0.24135267591602566,18
freesolv,moladt,moladt_wl_system_gp,empirical_bayes_exact_gp,train,mobley_5311804,-6.62,-6.612492231133265,0.24848559595975195,18
freesolv,moladt,moladt_wl_system_gp,empirical_bayes_exact_gp,train,mobley_5326154,-3.45,-3.4976556745319582,0.24882687519246055,18
freesolv,moladt,moladt_wl_system_gp,empirical_bayes_exact_gp,train,mobley_5347550,-1.12,-1.1264079331994492,0.2504819629937624,18
freesolv,moladt,moladt_wl_system_gp,empirical_bayes_exact_gp,train,mobley_5371840,-3.1,-3.2019005582370985,0.23218771763154725,18
freesolv,moladt,moladt_wl_system_gp,empirical_bayes_exact_gp,train,mobley_5390332,-2.83,-2.8140211981209067,0.24383279669193011,18
freesolv,moladt,moladt_wl_system_gp,empirical_bayes_exact_gp,train,mobley_5393242,-6.48,-6.441499441083794,0.24959141591000067,18
freesolv,moladt,moladt_wl_system_gp,empirical_bayes_exact_gp,train,mobley_5445548,-0.3,-0.31204035857668666,0.246467938292593,18
freesolv,moladt,moladt_wl_system_gp,empirical_bayes_exact_gp,train,mobley_5449201,2.3,2.2642222014001185,0.24239957632603604,18
freesolv,moladt,moladt_wl_system_gp,empirical_bayes_exact_gp,train,mobley_5456566,-2.98,-2.9948675855331506,0.25001429061408603,18
freesolv,moladt,moladt_wl_system_gp,empirical_bayes_exact_gp,train,mobley_5467162,-5.91,-5.8840530125358725,0.24915190007667676,18
freesolv,moladt,moladt_wl_system_gp,empirical_bayes_exact_gp,train,mobley_5471704,-2.21,-2.2088211039514336,0.2433704322825438,18
freesolv,moladt,moladt_wl_system_gp,empirical_bayes_exact_gp,train,mobley_547634,-2.78,-2.755923489784352,0.24753915314370298,18
freesolv,moladt,moladt_wl_system_gp,empirical_bayes_exact_gp,train,mobley_5494918,2.93,2.9284513693305025,0.2506496706497984,18
freesolv,moladt,moladt_wl_system_gp,empirical_bayes_exact_gp,train,mobley_5499659,-8.41,-8.403838905267682,0.2501220889266127,18
freesolv,moladt,moladt_wl_system_gp,empirical_bayes_exact_gp,train,mobley_550662,-4.42,-4.399468032293898,0.24811202202846122,18
freesolv,moladt,moladt_wl_system_gp,empirical_bayes_exact_gp,train,mobley_5510474,-3.81,-3.827609073482017,0.2467729919744907,18
freesolv,moladt,moladt_wl_system_gp,empirical_bayes_exact_gp,train,mobley_5518547,-5.57,-5.606921469022175,0.24829893936744066,18
freesolv,moladt,moladt_wl_system_gp,empirical_bayes_exact_gp,train,mobley_5520946,-2.55,-2.548595321742683,0.24998626363065754,18
freesolv,moladt,moladt_wl_system_gp,empirical_bayes_exact_gp,train,mobley_5538249,-2.16,-2.180886085417554,0.2462077680094483,18
freesolv,moladt,moladt_wl_system_gp,empirical_bayes_exact_gp,train,mobley_5561855,-1.96,-2.002449382149952,0.2458620650131776,18
freesolv,moladt,moladt_wl_system_gp,empirical_bayes_exact_gp,train,mobley_5571660,-5.21,-5.2349962370812415,0.2485985628983243,18
freesolv,moladt,moladt_wl_system_gp,empirical_bayes_exact_gp,train,mobley_5600967,-11.01,-10.928013138077986,0.247160210266838,18
freesolv,moladt,moladt_wl_system_gp,empirical_bayes_exact_gp,train,mobley_5627459,-2.86,-2.8526723847210107,0.24935641381898577,18
freesolv,moladt,moladt_wl_system_gp,empirical_bayes_exact_gp,train,mobley_5631798,-4.29,-4.293842263006415,0.2507795833091995,18
freesolv,moladt,moladt_wl_system_gp,empirical_bayes_exact_gp,train,mobley_5692472,-4.29,-4.298041889972613,0.25011715628777653,18
freesolv,moladt,moladt_wl_system_gp,empirical_bayes_exact_gp,train,mobley_5708811,-9.86,-9.819306833928852,0.24950145725826398,18
freesolv,moladt,moladt_wl_system_gp,empirical_bayes_exact_gp,train,mobley_5732611,-10.27,-10.253323957007128,0.25015430927003357,18
freesolv,moladt,moladt_wl_system_gp,empirical_bayes_exact_gp,train,mobley_5747188,-3.58,-3.5643670679658945,0.24839227555193402,18
freesolv,moladt,moladt_wl_system_gp,empirical_bayes_exact_gp,train,mobley_5747981,-5.73,-5.738967103282067,0.24902528534265694,18
freesolv,moladt,moladt_wl_system_gp,empirical_bayes_exact_gp,train,mobley_5759258,-4.57,-4.599500860606749,0.2411134602041789,18
freesolv,moladt,moladt_wl_system_gp,empirical_bayes_exact_gp,train,mobley_5760563,-5.1,-5.089794356282438,0.2505030034813964,18
freesolv,moladt,moladt_wl_system_gp,empirical_bayes_exact_gp,train,mobley_5816127,-6.619999999999999,-6.628592703970883,0.2485839237874354,18
freesolv,moladt,moladt_wl_system_gp,empirical_bayes_exact_gp,train,mobley_5852491,1.59,1.6104608639592217,0.24229843005728158,18
freesolv,moladt,moladt_wl_system_gp,empirical_bayes_exact_gp,train,mobley_5857,-5.72,-5.729515837426854,0.24946383660574772,18
freesolv,moladt,moladt_wl_system_gp,empirical_bayes_exact_gp,train,mobley_5880265,-6.25,-6.249216572860082,0.2434033987036248,18
freesolv,moladt,moladt_wl_system_gp,empirical_bayes_exact_gp,train,mobley_588781,-0.04,-0.17836839359650902,0.23605294329674886,18
freesolv,moladt,moladt_wl_system_gp,empirical_bayes_exact_gp,train,mobley_5890803,-2.44,-2.4689484477261288,0.2417379429951609,18
freesolv,moladt,moladt_wl_system_gp,empirical_bayes_exact_gp,train,mobley_590519,-1.64,-1.6389643831469947,0.25013098010704876,18
freesolv,moladt,moladt_wl_system_gp,empirical_bayes_exact_gp,train,mobley_5917842,-5.8,-5.833319262483375,0.24629057263788467,18
freesolv,moladt,moladt_wl_system_gp,empirical_bayes_exact_gp,train,mobley_5935995,2.51,2.531253795306529,0.24614877487376463,18
freesolv,moladt,moladt_wl_system_gp,empirical_bayes_exact_gp,train,mobley_5948990,-7.37,-7.386687081204722,0.24932657007128822,18
freesolv,moladt,moladt_wl_system_gp,empirical_bayes_exact_gp,train,mobley_5973402,-4.42,-4.378290830464059,0.24616689292465085,18
freesolv,moladt,moladt_wl_system_gp,empirical_bayes_exact_gp,train,mobley_5977084,-4.77,-4.77538316645887,0.24815005976535387,18
freesolv,moladt,moladt_wl_system_gp,empirical_bayes_exact_gp,train,mobley_6055410,-9.4,-9.3783418659151,0.24968766442876536,18
freesolv,moladt,moladt_wl_system_gp,empirical_bayes_exact_gp,train,mobley_6060301,-3.95,-4.043974156038931,0.23806509987606286,18
freesolv,moladt,moladt_wl_system_gp,empirical_bayes_exact_gp,train,mobley_6081058,-3.43,-3.313263871247899,0.2424788206858876,18
freesolv,moladt,moladt_wl_system_gp,empirical_bayes_exact_gp,train,mobley_6082662,-9.82,-9.794233868375317,0.24942020691152436,18
freesolv,moladt,moladt_wl_system_gp,empirical_bayes_exact_gp,train,mobley_6091882,1.28,1.2757957493438083,0.2503865427515139,18
freesolv,moladt,moladt_wl_system_gp,empirical_bayes_exact_gp,train,mobley_6102880,-2.87,-2.880311230451848,0.24850486401529376,18
freesolv,moladt,moladt_wl_system_gp,empirical_bayes_exact_gp,train,mobley_6115639,-8.7,-8.698288329284704,0.25046193129439553,18
freesolv,moladt,moladt_wl_system_gp,empirical_bayes_exact_gp,train,mobley_6175884,-4.27,-4.28520281091296,0.24773208547075654,18
freesolv,moladt,moladt_wl_system_gp,empirical_bayes_exact_gp,train,mobley_6190089,-2.37,-2.357753167639415,0.2503636074953862,18
freesolv,moladt,moladt_wl_system_gp,empirical_bayes_exact_gp,train,mobley_6195751,-8.68,-8.642068954622754,0.24823113613422682,18
freesolv,moladt,moladt_wl_system_gp,empirical_bayes_exact_gp,train,mobley_6198745,-8.84,-8.822147216854386,0.24919315525028204,18
freesolv,moladt,moladt_wl_system_gp,empirical_bayes_exact_gp,train,mobley_6201330,-9.37,-9.318727818059035,0.24402871421031533,18
freesolv,moladt,moladt_wl_system_gp,empirical_bayes_exact_gp,train,mobley_6232400,-7.1,-7.092709807438181,0.24904358716518568,18
freesolv,moladt,moladt_wl_system_gp,empirical_bayes_exact_gp,train,mobley_6235784,0.0,0.007289367990207296,0.24891637959377397,18
freesolv,moladt,moladt_wl_system_gp,empirical_bayes_exact_gp,train,mobley_6239320,-18.06,-18.063623704659452,0.2507310832874248,18
freesolv,moladt,moladt_wl_system_gp,empirical_bayes_exact_gp,train,mobley_6248915,-3.65,-3.4812448773946105,0.23377513861027283,18
freesolv,moladt,moladt_wl_system_gp,empirical_bayes_exact_gp,train,mobley_6250025,0.08,0.08347325462404509,0.23310067214483834,18
freesolv,moladt,moladt_wl_system_gp,empirical_bayes_exact_gp,train,mobley_6257907,-5.82,-5.82636096855088,0.2485821776447137,18
freesolv,moladt,moladt_wl_system_gp,empirical_bayes_exact_gp,train,mobley_6266306,-5.56,-5.561587065220431,0.24990427861265385,18
freesolv,moladt,moladt_wl_system_gp,empirical_bayes_exact_gp,train,mobley_627267,-0.03,-0.024253468709978243,0.24935722899358653,18
freesolv,moladt,moladt_wl_system_gp,empirical_bayes_exact_gp,train,mobley_628951,-2.28,-2.2805651117098655,0.247854250054297,18
freesolv,moladt,moladt_wl_system_gp,empirical_bayes_exact_gp,train,mobley_6303022,-4.73,-4.718498856218989,0.24792554999839778,18
freesolv,moladt,moladt_wl_system_gp,empirical_bayes_exact_gp,train,mobley_6309289,-5.11,-5.125856533026827,0.24829246847687989,18
freesolv,moladt,moladt_wl_system_gp,empirical_bayes_exact_gp,train,mobley_632905,-4.4,-4.486659612443422,0.24722232308283473,18
freesolv,moladt,moladt_wl_system_gp,empirical_bayes_exact_gp,train,mobley_6334915,-12.74,-12.72587838581615,0.25051487180150467,18
freesolv,moladt,moladt_wl_system_gp,empirical_bayes_exact_gp,train,mobley_6338073,-6.68,-6.68884871534407,0.24923328614256446,18
freesolv,moladt,moladt_wl_system_gp,empirical_bayes_exact_gp,train,mobley_6353617,-8.26,-8.243671166060789,0.24827165597522152,18
freesolv,moladt,moladt_wl_system_gp,empirical_bayes_exact_gp,train,mobley_6358463,1.07,1.071871469274972,0.24985105308421607,18
freesolv,moladt,moladt_wl_system_gp,empirical_bayes_exact_gp,train,mobley_6359135,0.08,0.0760548919126105,0.2506157315536216,18
freesolv,moladt,moladt_wl_system_gp,empirical_bayes_exact_gp,train,mobley_6359156,-2.46,-2.5553514121483136,0.24294609972696724,18
freesolv,moladt,moladt_wl_system_gp,empirical_bayes_exact_gp,train,mobley_63712,-3.88,-3.919510300936898,0.24879007993937827,18
freesolv,moladt,moladt_wl_system_gp,empirical_bayes_exact_gp,train,mobley_637522,-3.95,-3.9739643838218752,0.24860098815151235,18
freesolv,moladt,moladt_wl_system_gp,empirical_bayes_exact_gp,train,mobley_6430250,-0.53,-0.49183427573451777,0.24122192854580365,18
freesolv,moladt,moladt_wl_system_gp,empirical_bayes_exact_gp,train,mobley_6456034,-1.69,-1.7168482505629088,0.24750692594283644,18
freesolv,moladt,moladt_wl_system_gp,empirical_bayes_exact_gp,train,mobley_646007,-5.48,-5.484233974762162,0.24896215328872628,18
freesolv,moladt,moladt_wl_system_gp,empirical_bayes_exact_gp,train,mobley_6474572,-0.59,-0.5820391942631136,0.25034310217317646,18
freesolv,moladt,moladt_wl_system_gp,empirical_bayes_exact_gp,train,mobley_6497672,-4.22,-4.196466468191226,0.24956162470086238,18
freesolv,moladt,moladt_wl_system_gp,empirical_bayes_exact_gp,train,mobley_6571751,0.67,0.5852063857572412,0.24740041767932297,18
freesolv,moladt,moladt_wl_system_gp,empirical_bayes_exact_gp,train,mobley_6619554,-2.49,-2.443302695314955,0.23372826197612537,18
freesolv,moladt,moladt_wl_system_gp,empirical_bayes_exact_gp,train,mobley_6632459,-3.43,-3.426315536196752,0.24945755958317184,18
freesolv,moladt,moladt_wl_system_gp,empirical_bayes_exact_gp,train,mobley_664966,-2.49,-2.490684467888343,0.2508130578943234,18
freesolv,moladt,moladt_wl_system_gp,empirical_bayes_exact_gp,train,mobley_667278,-4.4,-4.308931028129034,0.24642656412370162,18
freesolv,moladt,moladt_wl_system_gp,empirical_bayes_exact_gp,train,mobley_6688723,-6.44,-6.478874021057983,0.24884777153704782,18
freesolv,moladt,moladt_wl_system_gp,empirical_bayes_exact_gp,train,mobley_6714389,-4.55,-4.549172939032024,0.25053890281848007,18
freesolv,moladt,moladt_wl_system_gp,empirical_bayes_exact_gp,train,mobley_6727159,-8.18,-8.172475220317613,0.2503037094728615,18
freesolv,moladt,moladt_wl_system_gp,empirical_bayes_exact_gp,train,mobley_6733657,-3.44,-3.418640719534449,0.24965724135585038,18
freesolv,moladt,moladt_wl_system_gp,empirical_bayes_exact_gp,train,mobley_6739648,-5.06,-5.04536314419795,0.24996201738360652,18
freesolv,moladt,moladt_wl_system_gp,empirical_bayes_exact_gp,train,mobley_6743808,-6.5,-6.4849643187211,0.24617566676444588,18
freesolv,moladt,moladt_wl_system_gp,empirical_bayes_exact_gp,train,mobley_676247,3.12,3.116511665765842,0.2506708642547049,18
freesolv,moladt,moladt_wl_system_gp,empirical_bayes_exact_gp,train,mobley_6794076,-7.62,-7.638630056604109,0.24849578769518585,18
freesolv,moladt,moladt_wl_system_gp,empirical_bayes_exact_gp,train,mobley_6804509,-1.34,-1.3471492946028394,0.24975972446835307,18
freesolv,moladt,moladt_wl_system_gp,empirical_bayes_exact_gp,train,mobley_6812653,2.48,2.4946206926626844,0.23287974941324208,18
freesolv,moladt,moladt_wl_system_gp,empirical_bayes_exact_gp,train,mobley_6843802,-1.29,-1.2911180302183545,0.24972465405666677,18
freesolv,moladt,moladt_wl_system_gp,empirical_bayes_exact_gp,train,mobley_6854178,-2.02,-2.0752339901125705,0.24830311578264597,18
freesolv,moladt,moladt_wl_system_gp,empirical_bayes_exact_gp,train,mobley_6861308,-9.13,-9.151252415741771,0.24914677180399059,18
freesolv,moladt,moladt_wl_system_gp,empirical_bayes_exact_gp,train,mobley_6896128,2.97,2.9404420972781726,0.23834510266554026,18
freesolv,moladt,moladt_wl_system_gp,empirical_bayes_exact_gp,train,mobley_6911232,-2.1,-2.081330367953229,0.24800546053539366,18
freesolv,moladt,moladt_wl_system_gp,empirical_bayes_exact_gp,train,mobley_6917738,-6.55,-6.557567122636103,0.2496623883205342,18
freesolv,moladt,moladt_wl_system_gp,empirical_bayes_exact_gp,train,mobley_6929123,-4.0,-4.00174083897006,0.24990049809986253,18
freesolv,moladt,moladt_wl_system_gp,empirical_bayes_exact_gp,train,mobley_6935906,-2.49,-2.5345544461209437,0.24783642648863638,18
freesolv,moladt,moladt_wl_system_gp,empirical_bayes_exact_gp,train,mobley_6973347,-2.94,-2.937596706696624,0.24730687602968993,18
freesolv,moladt,moladt_wl_system_gp,empirical_bayes_exact_gp,train,mobley_6978427,-3.3,-3.316459278918246,0.2473257215055001,18
freesolv,moladt,moladt_wl_system_gp,empirical_bayes_exact_gp,train,mobley_6981465,-2.64,-2.6625210890651676,0.24657806716827188,18
freesolv,moladt,moladt_wl_system_gp,empirical_bayes_exact_gp,train,mobley_6988468,-4.33,-4.323679262084936,0.2483059996372106,18
freesolv,moladt,moladt_wl_system_gp,empirical_bayes_exact_gp,train,mobley_7009711,-6.27,-6.239210215605965,0.24756975140257428,18
freesolv,moladt,moladt_wl_system_gp,empirical_bayes_exact_gp,train,mobley_7010316,-5.46,-5.467266323731337,0.2322329952440424,18
freesolv,moladt,moladt_wl_system_gp,empirical_bayes_exact_gp,train,mobley_7015518,-1.91,-1.8980234211530072,0.2500434287020657,18
freesolv,moladt,moladt_wl_system_gp,empirical_bayes_exact_gp,train,mobley_7017274,-3.88,-3.8831802060429603,0.24892214516405897,18
freesolv,moladt,moladt_wl_system_gp,empirical_bayes_exact_gp,train,mobley_7039935,-7.67,-7.6340199536770434,0.2482841975565912,18
freesolv,moladt,moladt_wl_system_gp,empirical_bayes_exact_gp,train,mobley_7047032,1.09,1.0768371757410384,0.2499668017521088,18
freesolv,moladt,moladt_wl_system_gp,empirical_bayes_exact_gp,train,mobley_7066554,-7.03,-7.0186887223847405,0.24886637767794856,18
freesolv,moladt,moladt_wl_system_gp,empirical_bayes_exact_gp,train,mobley_7099614,-0.57,-0.566076123940304,0.24986413415135675,18
freesolv,moladt,moladt_wl_system_gp,empirical_bayes_exact_gp,train,mobley_7106722,2.51,2.533907216188625,0.24182702006311013,18
freesolv,moladt,moladt_wl_system_gp,empirical_bayes_exact_gp,train,mobley_7150646,-2.3,-2.293100000936308,0.250132454490531,18
freesolv,moladt,moladt_wl_system_gp,empirical_bayes_exact_gp,train,mobley_7157427,0.29,0.3240581141195551,0.23431122310571767,18
freesolv,moladt,moladt_wl_system_gp,empirical_bayes_exact_gp,train,mobley_7176248,-3.25,-3.2395308562215486,0.24605114790222116,18
freesolv,moladt,moladt_wl_system_gp,empirical_bayes_exact_gp,train,mobley_718988,-3.79,-3.8401612542924637,0.2208642163598475,18
freesolv,moladt,moladt_wl_system_gp,empirical_bayes_exact_gp,train,mobley_7200804,-5.29,-5.269700861259513,0.2489287011444826,18
freesolv,moladt,moladt_wl_system_gp,empirical_bayes_exact_gp,train,mobley_7203421,-9.31,-9.18943344835861,0.24779207094067468,18
freesolv,moladt,moladt_wl_system_gp,empirical_bayes_exact_gp,train,mobley_7227357,-4.35,-4.341216669080758,0.24732898751000856,18
freesolv,moladt,moladt_wl_system_gp,empirical_bayes_exact_gp,train,mobley_7239499,-3.52,-3.498175065089332,0.24473515074015034,18
freesolv,moladt,moladt_wl_system_gp,empirical_bayes_exact_gp,train,mobley_7261305,-9.3,-9.296371245538905,0.2507645555446952,18
freesolv,moladt,moladt_wl_system_gp,empirical_bayes_exact_gp,train,mobley_7295828,-2.45,-2.468347298972326,0.24611225265933948,18
freesolv,moladt,moladt_wl_system_gp,empirical_bayes_exact_gp,train,mobley_7298388,-3.45,-3.485357318446966,0.2481194323595868,18
freesolv,moladt,moladt_wl_system_gp,empirical_bayes_exact_gp,train,mobley_7326706,-5.04,-5.0807793329482465,0.25000968046615,18
freesolv,moladt,moladt_wl_system_gp,empirical_bayes_exact_gp,train,mobley_7364468,-5.18,-5.105964319476817,0.24817179475318463,18
freesolv,moladt,moladt_wl_system_gp,empirical_bayes_exact_gp,train,mobley_7375018,-2.15,-1.9819050455738647,0.22821573593790287,18
freesolv,moladt,moladt_wl_system_gp,empirical_bayes_exact_gp,train,mobley_7378987,-12.64,-12.643758521173607,0.2504901225573047,18
freesolv,moladt,moladt_wl_system_gp,empirical_bayes_exact_gp,train,mobley_7393673,-5.33,-5.350713486646311,0.24663305477088984,18
freesolv,moladt,moladt_wl_system_gp,empirical_bayes_exact_gp,train,mobley_7415647,-11.95,-11.92008844247684,0.2486564205344211,18
freesolv,moladt,moladt_wl_system_gp,empirical_bayes_exact_gp,train,mobley_7417968,-5.31,-5.308108092730997,0.24484572177108685,18
freesolv,moladt,moladt_wl_system_gp,empirical_bayes_exact_gp,train,mobley_7455579,-2.22,-2.254633953100339,0.24668507719310148,18
freesolv,moladt,moladt_wl_system_gp,empirical_bayes_exact_gp,train,mobley_7463408,-7.78,-7.790750500897423,0.24945171068541946,18
freesolv,moladt,moladt_wl_system_gp,empirical_bayes_exact_gp,train,mobley_7463799,-6.92,-6.884205420125032,0.2463758733774393,18
freesolv,moladt,moladt_wl_system_gp,empirical_bayes_exact_gp,train,mobley_7497999,-4.58,-4.552276562102923,0.24711552177603344,18
freesolv,moladt,moladt_wl_system_gp,empirical_bayes_exact_gp,train,mobley_7532833,-3.88,-3.877917474575704,0.2506851406868554,18
freesolv,moladt,moladt_wl_system_gp,empirical_bayes_exact_gp,train,mobley_7542832,-1.16,-1.1139378264340136,0.24621586930989076,18
freesolv,moladt,moladt_wl_system_gp,empirical_bayes_exact_gp,train,mobley_755351,-7.29,-7.274775916622144,0.2474046072581898,18
freesolv,moladt,moladt_wl_system_gp,empirical_bayes_exact_gp,train,mobley_7599023,-1.46,-1.4525485398408398,0.24894837349276663,18
freesolv,moladt,moladt_wl_system_gp,empirical_bayes_exact_gp,train,mobley_7608435,-2.04,-2.1158193995871413,0.23790819198532295,18
freesolv,moladt,moladt_wl_system_gp,empirical_bayes_exact_gp,train,mobley_7608462,-1.12,-1.1116001984453474,0.24813520862265767,18
freesolv,moladt,moladt_wl_system_gp,empirical_bayes_exact_gp,train,mobley_766666,-0.44,-0.4386536943413786,0.2505224154114971,18
freesolv,moladt,moladt_wl_system_gp,empirical_bayes_exact_gp,train,mobley_7676709,-4.51,-4.404210281784134,0.24655226890889115,18
freesolv,moladt,moladt_wl_system_gp,empirical_bayes_exact_gp,train,mobley_7688753,-9.52,-9.462623289819621,0.24777270848634192,18
freesolv,moladt,moladt_wl_system_gp,empirical_bayes_exact_gp,train,mobley_7708038,-0.56,-0.5574564815448873,0.24936245692089298,18
freesolv,moladt,moladt_wl_system_gp,empirical_bayes_exact_gp,train,mobley_7732703,1.79,1.7869971425900375,0.2506980655950761,18
freesolv,moladt,moladt_wl_system_gp,empirical_bayes_exact_gp,train,mobley_7735340,-9.63,-9.636829535585129,0.2506091779994961,18
freesolv,moladt,moladt_wl_system_gp,empirical_bayes_exact_gp,train,mobley_7754849,-6.1,-6.068236095231841,0.24960804962651226,18
freesolv,moladt,moladt_wl_system_gp,empirical_bayes_exact_gp,train,mobley_7758918,-6.46,-6.46376031605528,0.24957998696403935,18
freesolv,moladt,moladt_wl_system_gp,empirical_bayes_exact_gp,train,mobley_7768165,-1.95,-1.9495913454885736,0.25019166590454606,18
freesolv,moladt,moladt_wl_system_gp,empirical_bayes_exact_gp,train,mobley_7769613,0.84,0.8290404244316201,0.24999343048070607,18
freesolv,moladt,moladt_wl_system_gp,empirical_bayes_exact_gp,train,mobley_7774695,-4.69,-4.697428164157785,0.24885625583053586,18
freesolv,moladt,moladt_wl_system_gp,empirical_bayes_exact_gp,train,mobley_778352,1.31,1.2990677134865494,0.24894544614319689,18
freesolv,moladt,moladt_wl_system_gp,empirical_bayes_exact_gp,train,mobley_7794077,-15.46,-15.451961221003588,0.2506350104346919,18
freesolv,moladt,moladt_wl_system_gp,empirical_bayes_exact_gp,train,mobley_7814642,-1.12,-1.131997109394261,0.2479666191285,18
freesolv,moladt,moladt_wl_system_gp,empirical_bayes_exact_gp,train,mobley_7829570,-3.51,-3.4604241722695863,0.24650244797241677,18
freesolv,moladt,moladt_wl_system_gp,empirical_bayes_exact_gp,train,mobley_7860938,-3.24,-3.17208051462552,0.24762485540748744,18
freesolv,moladt,moladt_wl_system_gp,empirical_bayes_exact_gp,train,mobley_7869158,-1.82,-1.8387427943500247,0.248721796518065,18
freesolv,moladt,moladt_wl_system_gp,empirical_bayes_exact_gp,train,mobley_7912193,-8.72,-8.74961709953679,0.24422596127490573,18
freesolv,moladt,moladt_wl_system_gp,empirical_bayes_exact_gp,train,mobley_7943327,-2.68,-2.675864381380615,0.24400513215443775,18
freesolv,moladt,moladt_wl_system_gp,empirical_bayes_exact_gp,train,mobley_7977115,-4.06,-4.036413884530828,0.24424355764488875,18
freesolv,moladt,moladt_wl_system_gp,empirical_bayes_exact_gp,train,mobley_7983227,-4.42,-4.405124867828436,0.24772149317943948,18
freesolv,moladt,moladt_wl_system_gp,empirical_bayes_exact_gp,train,mobley_8006582,1.2,1.2352772254829127,0.23937832774781226,18
freesolv,moladt,moladt_wl_system_gp,empirical_bayes_exact_gp,train,mobley_8011706,-7.81,-7.802164492797577,0.25003085467030917,18
freesolv,moladt,moladt_wl_system_gp,empirical_bayes_exact_gp,train,mobley_8048190,-9.71,-9.710274497567594,0.25042606066161766,18
freesolv,moladt,moladt_wl_system_gp,empirical_bayes_exact_gp,train,mobley_8052240,-9.44,-9.518063906672994,0.24431848721014615,18
freesolv,moladt,moladt_wl_system_gp,empirical_bayes_exact_gp,train,mobley_8057732,-6.62,-6.613913374672633,0.24815812196994738,18
freesolv,moladt,moladt_wl_system_gp,empirical_bayes_exact_gp,train,mobley_8117218,-4.82,-4.826898946149995,0.25032759638850965,18
freesolv,moladt,moladt_wl_system_gp,empirical_bayes_exact_gp,train,mobley_8118832,-5.03,-5.02298229452162,0.2498966127216285,18
freesolv,moladt,moladt_wl_system_gp,empirical_bayes_exact_gp,train,mobley_8124669,-8.21,-8.11289820110683,0.24879893444581389,18
freesolv,moladt,moladt_wl_system_gp,empirical_bayes_exact_gp,train,mobley_8127829,-0.79,-0.8159016307349156,0.24374191808564552,18
freesolv,moladt,moladt_wl_system_gp,empirical_bayes_exact_gp,train,mobley_819018,-4.45,-4.597453168820378,0.21627713763954107,18
freesolv,moladt,moladt_wl_system_gp,empirical_bayes_exact_gp,train,mobley_8191186,0.06,0.06029043448851468,0.2505099558271113,18
freesolv,moladt,moladt_wl_system_gp,empirical_bayes_exact_gp,train,mobley_8207196,-10.22,-10.207986257469548,0.25030439114147635,18
freesolv,moladt,moladt_wl_system_gp,empirical_bayes_exact_gp,train,mobley_820789,-6.35,-6.344505412489681,0.24787186368136954,18
freesolv,moladt,moladt_wl_system_gp,empirical_bayes_exact_gp,train,mobley_8221999,-3.64,-3.6418878822749536,0.248691253645443,18
freesolv,moladt,moladt_wl_system_gp,empirical_bayes_exact_gp,train,mobley_8260524,-0.48,-0.4793220034097625,0.25051947344573805,18
freesolv,moladt,moladt_wl_system_gp,empirical_bayes_exact_gp,train,mobley_8311303,-4.38,-4.318752929059147,0.24793531948002134,18
freesolv,moladt,moladt_wl_system_gp,empirical_bayes_exact_gp,train,mobley_8311321,-0.5,-0.4966410846612175,0.25070183832480897,18
freesolv,moladt,moladt_wl_system_gp,empirical_bayes_exact_gp,train,mobley_8320545,-3.71,-3.715137960751272,0.25022596763487226,18
freesolv,moladt,moladt_wl_system_gp,empirical_bayes_exact_gp,train,mobley_8337722,-3.2,-3.173981473239292,0.24659117089312013,18
freesolv,moladt,moladt_wl_system_gp,empirical_bayes_exact_gp,train,mobley_8337977,-3.05,-3.000803008053106,0.24625381123515422,18
freesolv,moladt,moladt_wl_system_gp,empirical_bayes_exact_gp,train,mobley_8426916,-4.07,-4.066969351029539,0.24955483226714864,18
freesolv,moladt,moladt_wl_system_gp,empirical_bayes_exact_gp,train,mobley_8427539,-9.4,-9.402834185206384,0.24991491953178133,18
freesolv,moladt,moladt_wl_system_gp,empirical_bayes_exact_gp,train,mobley_8436428,2.83,2.8018474980397063,0.24666534722839092,18
freesolv,moladt,moladt_wl_system_gp,empirical_bayes_exact_gp,train,mobley_8449031,-3.22,-3.2008533235282126,0.2495181440507244,18
freesolv,moladt,moladt_wl_system_gp,empirical_bayes_exact_gp,train,mobley_8467917,1.68,1.6334893249884135,0.24504965033618809,18
freesolv,moladt,moladt_wl_system_gp,empirical_bayes_exact_gp,train,mobley_8492526,-3.03,-3.0214899043705494,0.24406846187368886,18
freesolv,moladt,moladt_wl_system_gp,empirical_bayes_exact_gp,train,mobley_8514745,-2.51,-2.4823584319016563,0.23481215857338364,18
freesolv,moladt,moladt_wl_system_gp,empirical_bayes_exact_gp,train,mobley_8522124,0.71,0.723252615264689,0.23745371832959017,18
freesolv,moladt,moladt_wl_system_gp,empirical_bayes_exact_gp,train,mobley_8525830,-0.14,-0.14117276994382166,0.24356855115178783,18
freesolv,moladt,moladt_wl_system_gp,empirical_bayes_exact_gp,train,mobley_852937,-6.19,-6.194500777389357,0.24936975843762393,18
freesolv,moladt,moladt_wl_system_gp,empirical_bayes_exact_gp,train,mobley_8558116,-6.32,-6.325996430739782,0.249505108393309,18
freesolv,moladt,moladt_wl_system_gp,empirical_bayes_exact_gp,train,mobley_8573194,-3.18,-3.1731844886096825,0.24764740356264175,18
freesolv,moladt,moladt_wl_system_gp,empirical_bayes_exact_gp,train,mobley_8578590,-9.280000000000001,-9.232749360602487,0.2501616756119118,18
freesolv,moladt,moladt_wl_system_gp,empirical_bayes_exact_gp,train,mobley_859464,-2.36,-2.356609682836888,0.24479780288019345,18
freesolv,moladt,moladt_wl_system_gp,empirical_bayes_exact_gp,train,mobley_8614858,2.67,2.747583181127976,0.22383190492786198,18
freesolv,moladt,moladt_wl_system_gp,empirical_bayes_exact_gp,train,mobley_8668219,2.52,2.484995582227835,0.2446398063008119,18
freesolv,moladt,moladt_wl_system_gp,empirical_bayes_exact_gp,train,mobley_8685905,0.5,0.5031081627273912,0.2504735080094025,18
freesolv,moladt,moladt_wl_system_gp,empirical_bayes_exact_gp,train,mobley_8705848,-3.22,-3.1956958570323484,0.2495598952889647,18
freesolv,moladt,moladt_wl_system_gp,empirical_bayes_exact_gp,train,mobley_8713762,-4.13,-4.093710956248261,0.24671725300974476,18
freesolv,moladt,moladt_wl_system_gp,empirical_bayes_exact_gp,train,mobley_8723116,-5.9,-5.910950151520678,0.2490795699980726,18
freesolv,moladt,moladt_wl_system_gp,empirical_bayes_exact_gp,train,mobley_8739734,-3.24,-3.23946244002223,0.24796146825121856,18
freesolv,moladt,moladt_wl_system_gp,empirical_bayes_exact_gp,train,mobley_8746821,-4.82,-4.812333044783317,0.2484147047145234,18
freesolv,moladt,moladt_wl_system_gp,empirical_bayes_exact_gp,train,mobley_8754702,-2.48,-2.4984801245933523,0.2479311321952896,18
freesolv,moladt,moladt_wl_system_gp,empirical_bayes_exact_gp,train,mobley_8764620,-6.75,-6.755158571122822,0.2494668120981133,18
freesolv,moladt,moladt_wl_system_gp,empirical_bayes_exact_gp,train,mobley_8765203,0.68,0.688929385266499,0.24904708077686666,18
freesolv,moladt,moladt_wl_system_gp,empirical_bayes_exact_gp,train,mobley_8772587,-0.25,-0.25805164494287425,0.24758433725716353,18
freesolv,moladt,moladt_wl_system_gp,empirical_bayes_exact_gp,train,mobley_8785107,-2.92,-2.8977229301903304,0.24884896772860426,18
freesolv,moladt,moladt_wl_system_gp,empirical_bayes_exact_gp,train,mobley_8789465,-6.2,-6.186202591026413,0.24936767272568314,18
freesolv,moladt,moladt_wl_system_gp,empirical_bayes_exact_gp,train,mobley_8798016,-7.0,-6.9986391246804365,0.24925893370264757,18
freesolv,moladt,moladt_wl_system_gp,empirical_bayes_exact_gp,train,mobley_8809190,-0.4,-0.3833363245299415,0.2390155305241059,18
freesolv,moladt,moladt_wl_system_gp,empirical_bayes_exact_gp,train,mobley_8809274,-0.25,-0.24926085513371588,0.24944997010223346,18
freesolv,moladt,moladt_wl_system_gp,empirical_bayes_exact_gp,train,mobley_8823527,-3.61,-3.542581041748043,0.24596945159459874,18
freesolv,moladt,moladt_wl_system_gp,empirical_bayes_exact_gp,train,mobley_8827942,-4.05,-4.010687911499543,0.2464870351875806,18
freesolv,moladt,moladt_wl_system_gp,empirical_bayes_exact_gp,train,mobley_8861672,-4.86,-4.845612085501683,0.24713146762313712,18
freesolv,moladt,moladt_wl_system_gp,empirical_bayes_exact_gp,train,mobley_8882696,-3.47,-3.4545789886341844,0.24907903024290945,18
freesolv,moladt,moladt_wl_system_gp,empirical_bayes_exact_gp,train,mobley_8883511,-3.93,-3.9401399261909456,0.2469190494210157,18
freesolv,moladt,moladt_wl_system_gp,empirical_bayes_exact_gp,train,mobley_8885088,0.56,0.5284175470189765,0.24820579770772175,18
freesolv,moladt,moladt_wl_system_gp,empirical_bayes_exact_gp,train,mobley_8899867,-5.49,-5.50903894834387,0.24503239540749513,18
freesolv,moladt,moladt_wl_system_gp,empirical_bayes_exact_gp,train,mobley_8916409,-8.15,-8.182733613617403,0.24931915566855112,18
freesolv,moladt,moladt_wl_system_gp,empirical_bayes_exact_gp,train,mobley_8966374,-5.51,-5.51362748871113,0.2500979443914903,18
freesolv,moladt,moladt_wl_system_gp,empirical_bayes_exact_gp,train,mobley_8983100,-0.82,-0.818146096800183,0.25049875590505666,18
freesolv,moladt,moladt_wl_system_gp,empirical_bayes_exact_gp,train,mobley_900088,0.4,0.41424777247584776,0.24945054166280914,18
freesolv,moladt,moladt_wl_system_gp,empirical_bayes_exact_gp,train,mobley_9007496,-9.45,-9.43816489945968,0.24889627144142992,18
freesolv,moladt,moladt_wl_system_gp,empirical_bayes_exact_gp,train,mobley_9015240,0.52,0.5402899173695661,0.23023713934829648,18
freesolv,moladt,moladt_wl_system_gp,empirical_bayes_exact_gp,train,mobley_9028462,-1.1,-1.1090167127153618,0.25053597956705315,18
freesolv,moladt,moladt_wl_system_gp,empirical_bayes_exact_gp,train,mobley_9029594,-0.22,-0.216341153974553,0.2505824277986515,18
freesolv,moladt,moladt_wl_system_gp,empirical_bayes_exact_gp,train,mobley_9055303,2.0,1.9845738683343712,0.25038655429476114,18
freesolv,moladt,moladt_wl_system_gp,empirical_bayes_exact_gp,train,mobley_9073553,-1.61,-1.6270058008327286,0.25022265698750074,18
freesolv,moladt,moladt_wl_system_gp,empirical_bayes_exact_gp,train,mobley_9100956,1.7,1.647883364470672,0.23849507214493076,18
freesolv,moladt,moladt_wl_system_gp,empirical_bayes_exact_gp,train,mobley_9112978,1.31,1.304173615812649,0.24773368369694476,18
freesolv,moladt,moladt_wl_system_gp,empirical_bayes_exact_gp,train,mobley_9114381,-6.72,-6.7236496626511,0.2501352992920741,18
freesolv,moladt,moladt_wl_system_gp,empirical_bayes_exact_gp,train,mobley_9121449,-0.16,-0.1627918607878529,0.25002167092768135,18
freesolv,moladt,moladt_wl_system_gp,empirical_bayes_exact_gp,train,mobley_9139060,2.11,2.0677713247863747,0.248457240514318,18
freesolv,moladt,moladt_wl_system_gp,empirical_bayes_exact_gp,train,mobley_9185328,-4.39,-4.392407960470229,0.24935100197652013,18
freesolv,moladt,moladt_wl_system_gp,empirical_bayes_exact_gp,train,mobley_9197172,1.92,1.814932620023383,0.23198275114946648,18
freesolv,moladt,moladt_wl_system_gp,empirical_bayes_exact_gp,train,mobley_9201263,-4.87,-4.9082367668009415,0.2501025206048134,18
freesolv,moladt,moladt_wl_system_gp,empirical_bayes_exact_gp,train,mobley_9209581,-3.2,-3.2116247458259615,0.2500052220647894,18
freesolv,moladt,moladt_wl_system_gp,empirical_bayes_exact_gp,train,mobley_9246215,0.93,0.9337176318066986,0.24915724063716826,18
freesolv,moladt,moladt_wl_system_gp,empirical_bayes_exact_gp,train,mobley_9246351,-1.96,-1.961368394210388,0.2507440161450718,18
freesolv,moladt,moladt_wl_system_gp,empirical_bayes_exact_gp,train,mobley_9257453,-7.29,-7.26052958792361,0.2490447978381929,18
freesolv,moladt,moladt_wl_system_gp,empirical_bayes_exact_gp,train,mobley_9281946,-6.74,-6.721826049366383,0.24894083790260538,18
freesolv,moladt,moladt_wl_system_gp,empirical_bayes_exact_gp,train,mobley_929676,0.18,0.1742055809603742,0.23301066817424254,18
freesolv,moladt,moladt_wl_system_gp,empirical_bayes_exact_gp,train,mobley_9407874,-2.88,-2.90659686144799,0.2226834017658624,18
freesolv,moladt,moladt_wl_system_gp,empirical_bayes_exact_gp,train,mobley_9414831,-2.44,-2.4775704836674954,0.2445798160075053,18
freesolv,moladt,moladt_wl_system_gp,empirical_bayes_exact_gp,train,mobley_9434451,-0.48,-0.4771302609425838,0.24998199247122094,18
freesolv,moladt,moladt_wl_system_gp,empirical_bayes_exact_gp,train,mobley_9460824,-4.37,-4.384797114920548,0.24865302584277818,18
freesolv,moladt,moladt_wl_system_gp,empirical_bayes_exact_gp,train,mobley_9478823,-0.9,-0.90683972099403,0.24541492514845564,18
freesolv,moladt,moladt_wl_system_gp,empirical_bayes_exact_gp,train,mobley_9507933,-4.72,-4.717198568518864,0.2473451524675828,18
freesolv,moladt,moladt_wl_system_gp,empirical_bayes_exact_gp,train,mobley_9510785,-3.48,-3.4042747407915757,0.245754067724138,18
freesolv,moladt,moladt_wl_system_gp,empirical_bayes_exact_gp,train,mobley_951560,-7.4,-7.41961841645871,0.2500707102099433,18
freesolv,moladt,moladt_wl_system_gp,empirical_bayes_exact_gp,train,mobley_9534740,-25.47,-25.34731275930749,0.24889441560780154,18
freesolv,moladt,moladt_wl_system_gp,empirical_bayes_exact_gp,train,mobley_9565165,-3.35,-3.322431934866338,0.24819210500704714,18
freesolv,moladt,moladt_wl_system_gp,empirical_bayes_exact_gp,train,mobley_9571888,-4.23,-4.241073710167028,0.25043930292695066,18
freesolv,moladt,moladt_wl_system_gp,empirical_bayes_exact_gp,train,mobley_9617923,-2.34,-2.2514981292652103,0.21606546822121334,18
freesolv,moladt,moladt_wl_system_gp,empirical_bayes_exact_gp,train,mobley_9624458,-1.89,-1.8878101287589732,0.24990583182187795,18
freesolv,moladt,moladt_wl_system_gp,empirical_bayes_exact_gp,train,mobley_9626434,-6.69,-6.695837181230068,0.24600612541965391,18
freesolv,moladt,moladt_wl_system_gp,empirical_bayes_exact_gp,train,mobley_9653690,-4.44,-4.501592240708766,0.24740993940481285,18
freesolv,moladt,moladt_wl_system_gp,empirical_bayes_exact_gp,train,mobley_9671033,-3.34,-3.3348438528037736,0.2496145089475635,18
freesolv,moladt,moladt_wl_system_gp,empirical_bayes_exact_gp,train,mobley_9705941,-1.38,-1.386453672985581,0.25014608497330526,18
freesolv,moladt,moladt_wl_system_gp,empirical_bayes_exact_gp,train,mobley_9717937,-2.69,-2.656911800421403,0.24279751242264064,18
freesolv,moladt,moladt_wl_system_gp,empirical_bayes_exact_gp,train,mobley_9729792,-0.99,-0.978893610593699,0.24986332877692127,18
freesolv,moladt,moladt_wl_system_gp,empirical_bayes_exact_gp,train,mobley_9740891,-4.71,-4.692574087723459,0.24995047218752306,18
freesolv,moladt,moladt_wl_system_gp,empirical_bayes_exact_gp,train,mobley_9741965,-4.29,-4.291016888061618,0.24955123350616704,18
freesolv,moladt,moladt_wl_system_gp,empirical_bayes_exact_gp,train,mobley_9794857,-2.21,-2.1811271492781668,0.24943334957737276,18
freesolv,moladt,moladt_wl_system_gp,empirical_bayes_exact_gp,train,mobley_9821936,-4.53,-4.506018576271173,0.24947067737758752,18
freesolv,moladt,moladt_wl_system_gp,empirical_bayes_exact_gp,train,mobley_9838013,-4.43,-4.4183880270406055,0.24890884252401638,18
freesolv,moladt,moladt_wl_system_gp,empirical_bayes_exact_gp,train,mobley_9883303,2.71,2.6994241708733395,0.23950931721069815,18
freesolv,moladt,moladt_wl_system_gp,empirical_bayes_exact_gp,train,mobley_9897248,-4.78,-4.597453168820378,0.21627713763954107,18
freesolv,moladt,moladt_wl_system_gp,empirical_bayes_exact_gp,train,mobley_9913368,-0.78,-0.973126255995826,0.21711276456131573,18
freesolv,moladt,moladt_wl_system_gp,empirical_bayes_exact_gp,train,mobley_9942801,-0.95,-0.9734983136658855,0.24549037262327258,18
freesolv,moladt,moladt_wl_system_gp,empirical_bayes_exact_gp,train,mobley_994483,-0.74,-0.7404094990047185,0.2499624350999974,18
freesolv,moladt,moladt_wl_system_gp,empirical_bayes_exact_gp,train,mobley_9979854,-4.2,-4.19457060542603,0.2504921840235693,18
freesolv,moladt,moladt_wl_system_gp,empirical_bayes_exact_gp,valid,mobley_1017962,-2.49,-2.45947652567763,0.44138263258088734,18
freesolv,moladt,moladt_wl_system_gp,empirical_bayes_exact_gp,valid,mobley_1019269,-4.72,-4.881063005060514,0.6634247184712131,18
freesolv,moladt,moladt_wl_system_gp,empirical_bayes_exact_gp,valid,mobley_1278715,-0.64,-1.317424095983351,2.4667279016039823,18
freesolv,moladt,moladt_wl_system_gp,empirical_bayes_exact_gp,valid,mobley_1396156,-5.22,-4.302415251224724,2.440124566500745,18
freesolv,moladt,moladt_wl_system_gp,empirical_bayes_exact_gp,valid,mobley_1469079,-3.56,-3.178393261138691,0.5407878922114769,18
freesolv,moladt,moladt_wl_system_gp,empirical_bayes_exact_gp,valid,mobley_1708457,-10.08,-8.664985567882862,1.7943292893932725,18
freesolv,moladt,moladt_wl_system_gp,empirical_bayes_exact_gp,valid,mobley_172879,-3.15,-3.315806221183504,0.6027750225594471,18
freesolv,moladt,moladt_wl_system_gp,empirical_bayes_exact_gp,valid,mobley_1838110,1.77,0.7934357246745964,3.7031375669743665,18
freesolv,moladt,moladt_wl_system_gp,empirical_bayes_exact_gp,valid,mobley_1881249,-3.52,-3.313190625553874,0.6527701510843265,18
freesolv,moladt,moladt_wl_system_gp,empirical_bayes_exact_gp,valid,mobley_1923244,2.1,1.8769763489411941,0.7576167422181154,18
freesolv,moladt,moladt_wl_system_gp,empirical_bayes_exact_gp,valid,mobley_1977493,-0.33,-0.3249233676481045,0.984277544438845,18
freesolv,moladt,moladt_wl_system_gp,empirical_bayes_exact_gp,valid,mobley_1987439,-0.9,-0.7886865438745274,0.7999069597160207,18
freesolv,moladt,moladt_wl_system_gp,empirical_bayes_exact_gp,valid,mobley_20524,-6.6,-5.876833381544619,0.8105518510507008,18
freesolv,moladt,moladt_wl_system_gp,empirical_bayes_exact_gp,valid,mobley_2143011,1.83,1.27604220178035,0.9476836064833984,18
freesolv,moladt,moladt_wl_system_gp,empirical_bayes_exact_gp,valid,mobley_2607611,-2.26,-2.624199191944601,0.43403317129467006,18
freesolv,moladt,moladt_wl_system_gp,empirical_bayes_exact_gp,valid,mobley_2609604,2.56,1.82651445136913,0.8487177202687094,18
freesolv,moladt,moladt_wl_system_gp,empirical_bayes_exact_gp,valid,mobley_2792521,-3.68,-3.127890118847685,0.6893762251492457,18
freesolv,moladt,moladt_wl_system_gp,empirical_bayes_exact_gp,valid,mobley_2859600,-1.24,-1.6288550718676946,0.8677138822333753,18
freesolv,moladt,moladt_wl_system_gp,empirical_bayes_exact_gp,valid,mobley_296847,-4.69,-4.132400168833977,1.1028496382519994,18
freesolv,moladt,moladt_wl_system_gp,empirical_bayes_exact_gp,valid,mobley_2996632,-1.08,-0.6461002407567276,2.2767639669304245,18
freesolv,moladt,moladt_wl_system_gp,empirical_bayes_exact_gp,valid,mobley_3151666,-3.64,-2.9518042764248205,0.38338055478815397,18
freesolv,moladt,moladt_wl_system_gp,empirical_bayes_exact_gp,valid,mobley_3264884,-7.47,-7.534016683167529,0.9145458608180669,18
freesolv,moladt,moladt_wl_system_gp,empirical_bayes_exact_gp,valid,mobley_4013838,-2.74,-1.776409917789413,0.8980804036376628,18
freesolv,moladt,moladt_wl_system_gp,empirical_bayes_exact_gp,valid,mobley_4039055,-18.17,-16.95408929745619,2.150716252004948,18
freesolv,moladt,moladt_wl_system_gp,empirical_bayes_exact_gp,valid,mobley_4375719,3.13,2.4444911805688783,0.3341301168854664,18
freesolv,moladt,moladt_wl_system_gp,empirical_bayes_exact_gp,valid,mobley_4463913,-4.97,-5.3137905872428695,0.9434731170298399,18
freesolv,moladt,moladt_wl_system_gp,empirical_bayes_exact_gp,valid,mobley_4561957,2.34,2.0550261139082364,0.6920492911461964,18
freesolv,moladt,moladt_wl_system_gp,empirical_bayes_exact_gp,valid,mobley_4587267,-23.62,-28.20869711898242,1.260130001557398,18
freesolv,moladt,moladt_wl_system_gp,empirical_bayes_exact_gp,valid,mobley_4759887,0.27,0.326429549322679,0.4381612052378067,18
freesolv,moladt,moladt_wl_system_gp,empirical_bayes_exact_gp,valid,mobley_4792268,-6.16,-6.461689367443734,0.5526112574288061,18
freesolv,moladt,moladt_wl_system_gp,empirical_bayes_exact_gp,valid,mobley_49274,0.6,0.5055923997296281,0.5070653409960599,18
freesolv,moladt,moladt_wl_system_gp,empirical_bayes_exact_gp,valid,mobley_4936555,-6.78,-11.107078377427442,0.8570058161657673,18
freesolv,moladt,moladt_wl_system_gp,empirical_bayes_exact_gp,valid,mobley_4964807,-5.99,-5.9684084946135165,1.734976930317787,18
freesolv,moladt,moladt_wl_system_gp,empirical_bayes_exact_gp,valid,mobley_5063386,-4.58,-8.448337556014923,1.038383872007089,18
freesolv,moladt,moladt_wl_system_gp,empirical_bayes_exact_gp,valid,mobley_5123639,-3.73,-3.6270236999384333,0.632018099152961,18
freesolv,moladt,moladt_wl_system_gp,empirical_bayes_exact_gp,valid,mobley_5200358,-9.84,-10.731087494336037,1.4458881590977437,18
freesolv,moladt,moladt_wl_system_gp,empirical_bayes_exact_gp,valid,mobley_5449201,2.3,2.123176697551375,0.5189520276309807,18
freesolv,moladt,moladt_wl_system_gp,empirical_bayes_exact_gp,valid,mobley_5538249,-2.16,-2.220052142556897,0.6967186731520896,18
freesolv,moladt,moladt_wl_system_gp,empirical_bayes_exact_gp,valid,mobley_5708811,-9.86,-8.270314652915431,1.1518221407979543,18
freesolv,moladt,moladt_wl_system_gp,empirical_bayes_exact_gp,valid,mobley_6091882,1.28,0.9012031626497858,1.905752698167751,18
freesolv,moladt,moladt_wl_system_gp,empirical_bayes_exact_gp,valid,mobley_6198745,-8.84,-8.340043257381538,1.084600698569897,18
freesolv,moladt,moladt_wl_system_gp,empirical_bayes_exact_gp,valid,mobley_6235784,0.0,0.1761001612578177,0.939075897205036,18
freesolv,moladt,moladt_wl_system_gp,empirical_bayes_exact_gp,valid,mobley_628951,-2.28,-2.202394766773188,0.8116190427007756,18
freesolv,moladt,moladt_wl_system_gp,empirical_bayes_exact_gp,valid,mobley_6358463,1.07,1.2394312034686594,1.2853452360038797,18
freesolv,moladt,moladt_wl_system_gp,empirical_bayes_exact_gp,valid,mobley_6430250,-0.53,-0.16928582495165356,0.5006814008114712,18
freesolv,moladt,moladt_wl_system_gp,empirical_bayes_exact_gp,valid,mobley_646007,-5.48,-5.587329277083858,0.954238363515386,18
freesolv,moladt,moladt_wl_system_gp,empirical_bayes_exact_gp,valid,mobley_6739648,-5.06,-3.867161976871633,1.3829086424171042,18
freesolv,moladt,moladt_wl_system_gp,empirical_bayes_exact_gp,valid,mobley_7298388,-3.45,-4.237498442367958,0.8107620500522087,18
freesolv,moladt,moladt_wl_system_gp,empirical_bayes_exact_gp,valid,mobley_7364468,-5.18,-3.637227549871753,0.8593132702525599,18
freesolv,moladt,moladt_wl_system_gp,empirical_bayes_exact_gp,valid,mobley_7608435,-2.04,-2.4693613546888873,0.48676793205398766,18
freesolv,moladt,moladt_wl_system_gp,empirical_bayes_exact_gp,valid,mobley_7977115,-4.06,-3.922358876599786,0.5528333044672602,18
freesolv,moladt,moladt_wl_system_gp,empirical_bayes_exact_gp,valid,mobley_8057732,-6.62,-6.350561168232625,0.8147126482587469,18
freesolv,moladt,moladt_wl_system_gp,empirical_bayes_exact_gp,valid,mobley_8127829,-0.79,-0.9066761717194445,0.5589432268074631,18
freesolv,moladt,moladt_wl_system_gp,empirical_bayes_exact_gp,valid,mobley_852937,-6.19,-6.210257888697829,1.0677929433548754,18
freesolv,moladt,moladt_wl_system_gp,empirical_bayes_exact_gp,valid,mobley_8573194,-3.18,-3.0039570490340526,0.757608777800463,18
freesolv,moladt,moladt_wl_system_gp,empirical_bayes_exact_gp,valid,mobley_8861672,-4.86,-4.601703752282641,0.6954923118258886,18
freesolv,moladt,moladt_wl_system_gp,empirical_bayes_exact_gp,valid,mobley_9197172,1.92,1.4192799387065733,0.39916960129056944,18
freesolv,moladt,moladt_wl_system_gp,empirical_bayes_exact_gp,valid,mobley_9246215,0.93,0.9077555536557291,1.0090802436077468,18
freesolv,moladt,moladt_wl_system_gp,empirical_bayes_exact_gp,valid,mobley_9460824,-4.37,-5.0124170834637765,0.9633716007351182,18
freesolv,moladt,moladt_wl_system_gp,empirical_bayes_exact_gp,valid,mobley_9510785,-3.48,-2.6116003555146996,0.6536941835942206,18
freesolv,moladt,moladt_wl_system_gp,empirical_bayes_exact_gp,valid,mobley_9571888,-4.23,-5.295544170264605,2.1558522348128064,18
freesolv,moladt,moladt_wl_system_gp,empirical_bayes_exact_gp,valid,mobley_9653690,-4.44,-5.59400490279188,0.7400207001149793,18
freesolv,moladt,moladt_wl_system_gp,empirical_bayes_exact_gp,valid,mobley_9794857,-2.21,-0.8909893344377093,1.0785004772812279,18
freesolv,moladt,moladt_wl_system_gp,empirical_bayes_exact_gp,valid,mobley_9913368,-0.78,-1.1540536005657684,0.3715196471763239,18
freesolv,moladt,moladt_wl_system_gp,empirical_bayes_exact_gp,test,mobley_1328465,-1.99,-1.7373683893828593,1.5912258671295654,18
freesolv,moladt,moladt_wl_system_gp,empirical_bayes_exact_gp,test,mobley_1363784,-4.84,-4.623291123378077,0.9377676588777888,18
freesolv,moladt,moladt_wl_system_gp,empirical_bayes_exact_gp,test,mobley_1502181,-2.49,-2.620081494255282,0.2288212265794496,18
freesolv,moladt,moladt_wl_system_gp,empirical_bayes_exact_gp,test,mobley_1674094,0.29,0.27056483857547997,0.6257292212498665,18
freesolv,moladt,moladt_wl_system_gp,empirical_bayes_exact_gp,test,mobley_1717215,-2.78,-2.7578760101553983,2.1121182036901773,18
freesolv,moladt,moladt_wl_system_gp,empirical_bayes_exact_gp,test,mobley_1893815,-1.43,-1.4406953861437382,1.7035554153044805,18
freesolv,moladt,moladt_wl_system_gp,empirical_bayes_exact_gp,test,mobley_1899443,1.47,1.2150479663518499,0.7541393310480479,18
freesolv,moladt,moladt_wl_system_gp,empirical_bayes_exact_gp,test,mobley_1929982,-0.7,-3.1263656953182477,7.46553397368458,18
freesolv,moladt,moladt_wl_system_gp,empirical_bayes_exact_gp,test,mobley_210639,-0.46,-0.5175714253123487,1.5228401285192665,18
freesolv,moladt,moladt_wl_system_gp,empirical_bayes_exact_gp,test,mobley_2198613,-0.63,-0.4478240219487013,1.3942572070577566,18
freesolv,moladt,moladt_wl_system_gp,empirical_bayes_exact_gp,test,mobley_2390199,-2.92,-2.7313807137612356,0.7491453675720088,18
freesolv,moladt,moladt_wl_system_gp,empirical_bayes_exact_gp,test,mobley_2402487,-6.0,-6.155539856029069,0.750513506134054,18
freesolv,moladt,moladt_wl_system_gp,empirical_bayes_exact_gp,test,mobley_2763835,-2.22,-2.414807421289364,0.704504330680747,18
freesolv,moladt,moladt_wl_system_gp,empirical_bayes_exact_gp,test,mobley_282648,-2.4,-3.9420154177939133,0.8174830508963971,18
freesolv,moladt,moladt_wl_system_gp,empirical_bayes_exact_gp,test,mobley_2837389,-4.78,-5.551582845806535,2.0252510464622824,18
freesolv,moladt,moladt_wl_system_gp,empirical_bayes_exact_gp,test,mobley_2844990,-3.84,-3.9218320600887626,0.6763729249438328,18
freesolv,moladt,moladt_wl_system_gp,empirical_bayes_exact_gp,test,mobley_2972345,-3.78,-3.6018196725555724,0.8721306451919112,18
freesolv,moladt,moladt_wl_system_gp,empirical_bayes_exact_gp,test,mobley_3167746,2.88,2.936121460925761,0.22999468358776193,18
freesolv,moladt,moladt_wl_system_gp,empirical_bayes_exact_gp,test,mobley_3210206,-4.95,-4.582772158170326,1.188804644158617,18
freesolv,moladt,moladt_wl_system_gp,empirical_bayes_exact_gp,test,mobley_3234716,-0.8,-1.1713727784010284,0.6898135002449605,18
freesolv,moladt,moladt_wl_system_gp,empirical_bayes_exact_gp,test,mobley_3274817,-6.23,-7.19797453380865,1.2121765138644394,18
freesolv,moladt,moladt_wl_system_gp,empirical_bayes_exact_gp,test,mobley_3370989,-0.11,0.37191606137281363,2.163206104772353,18
freesolv,moladt,moladt_wl_system_gp,empirical_bayes_exact_gp,test,mobley_3414356,-3.92,-3.849297741933429,0.7034100110535215,18
freesolv,moladt,moladt_wl_system_gp,empirical_bayes_exact_gp,test,mobley_36119,-4.09,-4.134412025448611,0.2517648309161102,18
freesolv,moladt,moladt_wl_system_gp,empirical_bayes_exact_gp,test,mobley_3709920,2.06,1.798615476729481,0.2957515404319301,18
freesolv,moladt,moladt_wl_system_gp,empirical_bayes_exact_gp,test,mobley_3777264,-8.84,-8.925209003820378,0.9385762206193762,18
freesolv,moladt,moladt_wl_system_gp,empirical_bayes_exact_gp,test,mobley_3867265,-3.8,-3.7242663163270975,1.418218306812411,18
freesolv,moladt,moladt_wl_system_gp,empirical_bayes_exact_gp,test,mobley_3976574,-4.15,-3.987572739477498,0.5268905547366662,18
freesolv,moladt,moladt_wl_system_gp,empirical_bayes_exact_gp,test,mobley_430089,0.01,0.001712263148718307,0.9420675080548092,18
freesolv,moladt,moladt_wl_system_gp,empirical_bayes_exact_gp,test,mobley_4364398,-0.89,-0.7332945785377669,2.316747590390105,18
freesolv,moladt,moladt_wl_system_gp,empirical_bayes_exact_gp,test,mobley_4620651,-4.1,-3.96492416907548,1.0917051108568085,18
freesolv,moladt,moladt_wl_system_gp,empirical_bayes_exact_gp,test,mobley_4690963,-3.54,-3.648470012898288,0.6103264637156026,18
freesolv,moladt,moladt_wl_system_gp,empirical_bayes_exact_gp,test,mobley_4715906,1.58,1.209848652844237,0.7848579840726237,18
freesolv,moladt,moladt_wl_system_gp,empirical_bayes_exact_gp,test,mobley_5079234,-4.21,-4.354272142625582,0.280613637042832,18
freesolv,moladt,moladt_wl_system_gp,empirical_bayes_exact_gp,test,mobley_5286200,-2.32,-1.9526300503705816,1.1171073484021046,18
freesolv,moladt,moladt_wl_system_gp,empirical_bayes_exact_gp,test,mobley_5346580,-3.11,-2.3907375661312393,1.068931985216849,18
freesolv,moladt,moladt_wl_system_gp,empirical_bayes_exact_gp,test,mobley_5616693,-2.53,-2.3514564249731498,0.549639685588035,18
freesolv,moladt,moladt_wl_system_gp,empirical_bayes_exact_gp,test,mobley_5665561,-2.47,-2.573323356061053,0.7309989477797247,18
freesolv,moladt,moladt_wl_system_gp,empirical_bayes_exact_gp,test,mobley_5690766,1.01,1.1615488059660657,0.9129778319069485,18
freesolv,moladt,moladt_wl_system_gp,empirical_bayes_exact_gp,test,mobley_5952846,0.1,0.08284862838581608,2.4011642216922704,18
freesolv,moladt,moladt_wl_system_gp,empirical_bayes_exact_gp,test,mobley_6006813,-3.09,-3.1268281711024577,0.7610873849640668,18
freesolv,moladt,moladt_wl_system_gp,empirical_bayes_exact_gp,test,mobley_628086,-4.16,-4.19457060542603,0.2504921840235693,18
freesolv,moladt,moladt_wl_system_gp,empirical_bayes_exact_gp,test,mobley_6416775,2.13,1.8204141879197508,0.49789275034670544,18
freesolv,moladt,moladt_wl_system_gp,empirical_bayes_exact_gp,test,mobley_6522117,-7.07,-6.251808990770051,1.193700018437336,18
freesolv,moladt,moladt_wl_system_gp,empirical_bayes_exact_gp,test,mobley_6620221,-9.61,-8.66389464810173,1.0197766541594988,18
freesolv,moladt,moladt_wl_system_gp,empirical_bayes_exact_gp,test,mobley_7142697,-4.09,-4.403959827498763,0.540247744807423,18
freesolv,moladt,moladt_wl_system_gp,empirical_bayes_exact_gp,test,mobley_7176290,-9.62,-8.645129678029095,0.9374414736506761,18
freesolv,moladt,moladt_wl_system_gp,empirical_bayes_exact_gp,test,mobley_7326982,-4.74,-4.438563160704524,1.2481555625693892,18
freesolv,moladt,moladt_wl_system_gp,empirical_bayes_exact_gp,test,mobley_7360181,-0.8,-2.7096309733621213,1.937601083344579,18
freesolv,moladt,moladt_wl_system_gp,empirical_bayes_exact_gp,test,mobley_7573149,-2.79,-2.8753174604073446,0.5262284131390557,18
freesolv,moladt,moladt_wl_system_gp,empirical_bayes_exact_gp,test,mobley_7578802,-2.13,-3.268526189230811,4.065257499068494,18
freesolv,moladt,moladt_wl_system_gp,empirical_bayes_exact_gp,test,mobley_7610437,-3.88,-3.4515728642949304,0.8361539705899381,18
freesolv,moladt,moladt_wl_system_gp,empirical_bayes_exact_gp,test,mobley_7690440,-1.83,-2.954986518214028,2.2121858824108926,18
freesolv,moladt,moladt_wl_system_gp,empirical_bayes_exact_gp,test,mobley_7859387,-2.67,-2.6025250110424705,0.2664722371531141,18
freesolv,moladt,moladt_wl_system_gp,empirical_bayes_exact_gp,test,mobley_7893124,-0.44,-0.978776238117177,0.653284639275941,18
freesolv,moladt,moladt_wl_system_gp,empirical_bayes_exact_gp,test,mobley_7913234,-5.73,-5.830014691584329,0.6317561692094159,18
freesolv,moladt,moladt_wl_system_gp,empirical_bayes_exact_gp,test,mobley_7988076,-8.83,-8.911315891186833,0.8724534269861466,18
freesolv,moladt,moladt_wl_system_gp,empirical_bayes_exact_gp,test,mobley_8208692,-4.61,-3.408170700810626,0.6079794099385484,18
freesolv,moladt,moladt_wl_system_gp,empirical_bayes_exact_gp,test,mobley_8691603,-5.49,-6.590352751684637,0.6083649643387226,18
freesolv,moladt,moladt_wl_system_gp,empirical_bayes_exact_gp,test,mobley_8789864,-6.4,-6.102401977401794,1.0744479890693153,18
freesolv,moladt,moladt_wl_system_gp,empirical_bayes_exact_gp,test,mobley_902954,-2.09,-2.173606986099066,0.8285497225560685,18
freesolv,moladt,moladt_wl_system_gp,empirical_bayes_exact_gp,test,mobley_9557440,-17.74,-16.47627317293115,1.5365124453639385,18
freesolv,moladt,moladt_wl_system_gp,empirical_bayes_exact_gp,test,mobley_967099,-3.13,-2.756297105970787,1.497913027213076,18
freesolv,moladt,moladt_wl_system_gp,empirical_bayes_exact_gp,test,mobley_9733743,-4.24,-4.597613165942094,0.7939789275301956,18
freesolv,moladt,moladt_wl_system_gp,empirical_bayes_exact_gp,test,mobley_9974966,-1.21,-0.4051825879353208,1.4544676426972254,18
