dataset,representation,target,model,method,parameter_type,parameter_name,feature_group,equation_term,draw_count,runtime_seconds,posterior_mean,posterior_abs_mean,posterior_sd,posterior_median,posterior_p05,posterior_p95,importance_rank
freesolv,moladt_small_descriptors,expt,atom_bag10_rbf_gp,empirical_bayes_exact_gp,kernel_hyperparameter,signal_variance,atom_bag,signal_variance,1,0.20822083299572114,1.8372974682525267,1.8372974682525267,0.0,1.8372974682525267,1.8372974682525267,1.8372974682525267,1
freesolv,moladt_small_descriptors,expt,atom_bag10_rbf_gp,empirical_bayes_exact_gp,kernel_hyperparameter,lengthscale,atom_bag,lengthscale,1,0.20822083299572114,1.4701243807813917,1.4701243807813917,0.0,1.4701243807813917,1.4701243807813917,1.4701243807813917,2
freesolv,moladt_small_descriptors,expt,atom_bag10_rbf_gp,empirical_bayes_exact_gp,kernel_hyperparameter,noise_variance,atom_bag,noise_variance,1,0.20822083299572114,0.10587829322559206,0.10587829322559206,0.0,0.10587829322559206,0.10587829322559206,0.10587829322559206,3
freesolv,moladt_small_descriptors,expt,atom_bag10_rbf_gp,empirical_bayes_exact_gp,kernel_hyperparameter,target_mean,atom_bag,target_mean,1,0.20822083299572114,-3.749566724436742,3.749566724436742,0.0,-3.749566724436742,-3.749566724436742,-3.749566724436742,4
freesolv,moladt_small_descriptors,expt,atom_bag10_rbf_gp,empirical_bayes_exact_gp,kernel_hyperparameter,target_scale,atom_bag,target_scale,1,0.20822083299572114,3.738548266350003,3.738548266350003,0.0,3.738548266350003,3.738548266350003,3.738548266350003,5
freesolv,moladt_small_descriptors,expt,atom_bag10_rbf_gp,empirical_bayes_exact_gp,kernel_hyperparameter,signal_variance,atom_bag,signal_variance,1,0.22310100000322564,1.7115345621614082,1.7115345621614082,0.0,1.7115345621614082,1.7115345621614082,1.7115345621614082,1
freesolv,moladt_small_descriptors,expt,atom_bag10_rbf_gp,empirical_bayes_exact_gp,kernel_hyperparameter,lengthscale,atom_bag,lengthscale,1,0.22310100000322564,1.2818272266473112,1.2818272266473112,0.0,1.2818272266473112,1.2818272266473112,1.2818272266473112,2
freesolv,moladt_small_descriptors,expt,atom_bag10_rbf_gp,empirical_bayes_exact_gp,kernel_hyperparameter,noise_variance,atom_bag,noise_variance,1,0.22310100000322564,0.08961357090218887,0.08961357090218887,0.0,0.08961357090218887,0.08961357090218887,0.08961357090218887,3
freesolv,moladt_small_descriptors,expt,atom_bag10_rbf_gp,empirical_bayes_exact_gp,kernel_hyperparameter,target_mean,atom_bag,target_mean,1,0.22310100000322564,-3.861681109185441,3.861681109185441,0.0,-3.861681109185441,-3.861681109185441,-3.861681109185441,4
freesolv,moladt_small_descriptors,expt,atom_bag10_rbf_gp,empirical_bayes_exact_gp,kernel_hyperparameter,target_scale,atom_bag,target_scale,1,0.22310100000322564,3.9255327093981456,3.9255327093981456,0.0,3.9255327093981456,3.9255327093981456,3.9255327093981456,5
freesolv,moladt_small_descriptors,expt,atom_bag10_rbf_gp,empirical_bayes_exact_gp,kernel_hyperparameter,signal_variance,atom_bag,signal_variance,1,0.2212510419994942,1.7218611348084565,1.7218611348084565,0.0,1.7218611348084565,1.7218611348084565,1.7218611348084565,1
freesolv,moladt_small_descriptors,expt,atom_bag10_rbf_gp,empirical_bayes_exact_gp,kernel_hyperparameter,lengthscale,atom_bag,lengthscale,1,0.2212510419994942,1.223852164913288,1.223852164913288,0.0,1.223852164913288,1.223852164913288,1.223852164913288,2
freesolv,moladt_small_descriptors,expt,atom_bag10_rbf_gp,empirical_bayes_exact_gp,kernel_hyperparameter,noise_variance,atom_bag,noise_variance,1,0.2212510419994942,0.07579556132665298,0.07579556132665298,0.0,0.07579556132665298,0.07579556132665298,0.07579556132665298,3
freesolv,moladt_small_descriptors,expt,atom_bag10_rbf_gp,empirical_bayes_exact_gp,kernel_hyperparameter,target_mean,atom_bag,target_mean,1,0.2212510419994942,-3.8159792027729633,3.8159792027729633,0.0,-3.8159792027729633,-3.8159792027729633,-3.8159792027729633,4
freesolv,moladt_small_descriptors,expt,atom_bag10_rbf_gp,empirical_bayes_exact_gp,kernel_hyperparameter,target_scale,atom_bag,target_scale,1,0.2212510419994942,3.9197095336249537,3.9197095336249537,0.0,3.9197095336249537,3.9197095336249537,3.9197095336249537,5
freesolv,moladt_small_descriptors,expt,atom_bag10_rbf_gp,empirical_bayes_exact_gp,kernel_hyperparameter,signal_variance,atom_bag,signal_variance,1,0.2088186670007417,1.7010945226643972,1.7010945226643972,0.0,1.7010945226643972,1.7010945226643972,1.7010945226643972,1
freesolv,moladt_small_descriptors,expt,atom_bag10_rbf_gp,empirical_bayes_exact_gp,kernel_hyperparameter,lengthscale,atom_bag,lengthscale,1,0.2088186670007417,1.3556752576351703,1.3556752576351703,0.0,1.3556752576351703,1.3556752576351703,1.3556752576351703,2
freesolv,moladt_small_descriptors,expt,atom_bag10_rbf_gp,empirical_bayes_exact_gp,kernel_hyperparameter,noise_variance,atom_bag,noise_variance,1,0.2088186670007417,0.09562271265870086,0.09562271265870086,0.0,0.09562271265870086,0.09562271265870086,0.09562271265870086,3
freesolv,moladt_small_descriptors,expt,atom_bag10_rbf_gp,empirical_bayes_exact_gp,kernel_hyperparameter,target_mean,atom_bag,target_mean,1,0.2088186670007417,-3.840623916811092,3.840623916811092,0.0,-3.840623916811092,-3.840623916811092,-3.840623916811092,4
freesolv,moladt_small_descriptors,expt,atom_bag10_rbf_gp,empirical_bayes_exact_gp,kernel_hyperparameter,target_scale,atom_bag,target_scale,1,0.2088186670007417,3.841045129516745,3.841045129516745,0.0,3.841045129516745,3.841045129516745,3.841045129516745,5
freesolv,moladt_small_descriptors,expt,atom_bag10_rbf_gp,empirical_bayes_exact_gp,kernel_hyperparameter,signal_variance,atom_bag,signal_variance,1,0.2100849999987986,1.7841227235714514,1.7841227235714514,0.0,1.7841227235714514,1.7841227235714514,1.7841227235714514,1
freesolv,moladt_small_descriptors,expt,atom_bag10_rbf_gp,empirical_bayes_exact_gp,kernel_hyperparameter,lengthscale,atom_bag,lengthscale,1,0.2100849999987986,1.4258973185458357,1.4258973185458357,0.0,1.4258973185458357,1.4258973185458357,1.4258973185458357,2
freesolv,moladt_small_descriptors,expt,atom_bag10_rbf_gp,empirical_bayes_exact_gp,kernel_hyperparameter,noise_variance,atom_bag,noise_variance,1,0.2100849999987986,0.08938481181996646,0.08938481181996646,0.0,0.08938481181996646,0.08938481181996646,0.08938481181996646,3
freesolv,moladt_small_descriptors,expt,atom_bag10_rbf_gp,empirical_bayes_exact_gp,kernel_hyperparameter,target_mean,atom_bag,target_mean,1,0.2100849999987986,-3.81317157712305,3.81317157712305,0.0,-3.81317157712305,-3.81317157712305,-3.81317157712305,4
freesolv,moladt_small_descriptors,expt,atom_bag10_rbf_gp,empirical_bayes_exact_gp,kernel_hyperparameter,target_scale,atom_bag,target_scale,1,0.2100849999987986,3.8833749762626835,3.8833749762626835,0.0,3.8833749762626835,3.8833749762626835,3.8833749762626835,5
freesolv,moladt_small_descriptors,expt,atom_bag10_rbf_gp,empirical_bayes_exact_gp,kernel_hyperparameter,signal_variance,atom_bag,signal_variance,1,0.22751783399871783,1.6675521078654767,1.6675521078654767,0.0,1.6675521078654767,1.6675521078654767,1.6675521078654767,1
freesolv,moladt_small_descriptors,expt,atom_bag10_rbf_gp,empirical_bayes_exact_gp,kernel_hyperparameter,lengthscale,atom_bag,lengthscale,1,0.22751783399871783,1.354335677173395,1.354335677173395,0.0,1.354335677173395,1.354335677173395,1.354335677173395,2
freesolv,moladt_small_descriptors,expt,atom_bag10_rbf_gp,empirical_bayes_exact_gp,kernel_hyperparameter,noise_variance,atom_bag,noise_variance,1,0.22751783399871783,0.09556289364266843,0.09556289364266843,0.0,0.09556289364266843,0.09556289364266843,0.09556289364266843,3
freesolv,moladt_small_descriptors,expt,atom_bag10_rbf_gp,empirical_bayes_exact_gp,kernel_hyperparameter,target_mean,atom_bag,target_mean,1,0.22751783399871783,-3.7891334488734834,3.7891334488734834,0.0,-3.7891334488734834,-3.7891334488734834,-3.7891334488734834,4
freesolv,moladt_small_descriptors,expt,atom_bag10_rbf_gp,empirical_bayes_exact_gp,kernel_hyperparameter,target_scale,atom_bag,target_scale,1,0.22751783399871783,3.7810839428508647,3.7810839428508647,0.0,3.7810839428508647,3.7810839428508647,3.7810839428508647,5
freesolv,moladt_small_descriptors,expt,atom_bag10_rbf_gp,empirical_bayes_exact_gp,kernel_hyperparameter,signal_variance,atom_bag,signal_variance,1,0.2030939589967602,1.6736725996766921,1.6736725996766921,0.0,1.6736725996766921,1.6736725996766921,1.6736725996766921,1
freesolv,moladt_small_descriptors,expt,atom_bag10_rbf_gp,empirical_bayes_exact_gp,kernel_hyperparameter,lengthscale,atom_bag,lengthscale,1,0.2030939589967602,1.2652204264099969,1.2652204264099969,0.0,1.2652204264099969,1.2652204264099969,1.2652204264099969,2
freesolv,moladt_small_descriptors,expt,atom_bag10_rbf_gp,empirical_bayes_exact_gp,kernel_hyperparameter,noise_variance,atom_bag,noise_variance,1,0.2030939589967602,0.08938864231820313,0.08938864231820313,0.0,0.08938864231820313,0.08938864231820313,0.08938864231820313,3
freesolv,moladt_small_descriptors,expt,atom_bag10_rbf_gp,empirical_bayes_exact_gp,kernel_hyperparameter,target_mean,atom_bag,target_mean,1,0.2030939589967602,-3.774991334488735,3.774991334488735,0.0,-3.774991334488735,-3.774991334488735,-3.774991334488735,4
freesolv,moladt_small_descriptors,expt,atom_bag10_rbf_gp,empirical_bayes_exact_gp,kernel_hyperparameter,target_scale,atom_bag,target_scale,1,0.2030939589967602,3.755608636483241,3.755608636483241,0.0,3.755608636483241,3.755608636483241,3.755608636483241,5
freesolv,moladt_small_descriptors,expt,atom_bag10_rbf_gp,empirical_bayes_exact_gp,kernel_hyperparameter,signal_variance,atom_bag,signal_variance,1,0.20482204200379783,1.7037221121631143,1.7037221121631143,0.0,1.7037221121631143,1.7037221121631143,1.7037221121631143,1
freesolv,moladt_small_descriptors,expt,atom_bag10_rbf_gp,empirical_bayes_exact_gp,kernel_hyperparameter,lengthscale,atom_bag,lengthscale,1,0.20482204200379783,1.2661400369733111,1.2661400369733111,0.0,1.2661400369733111,1.2661400369733111,1.2661400369733111,2
freesolv,moladt_small_descriptors,expt,atom_bag10_rbf_gp,empirical_bayes_exact_gp,kernel_hyperparameter,noise_variance,atom_bag,noise_variance,1,0.20482204200379783,0.08102322701315745,0.08102322701315745,0.0,0.08102322701315745,0.08102322701315745,0.08102322701315745,3
freesolv,moladt_small_descriptors,expt,atom_bag10_rbf_gp,empirical_bayes_exact_gp,kernel_hyperparameter,target_mean,atom_bag,target_mean,1,0.20482204200379783,-3.8188041594454067,3.8188041594454067,0.0,-3.8188041594454067,-3.8188041594454067,-3.8188041594454067,4
freesolv,moladt_small_descriptors,expt,atom_bag10_rbf_gp,empirical_bayes_exact_gp,kernel_hyperparameter,target_scale,atom_bag,target_scale,1,0.20482204200379783,3.9549117992014398,3.9549117992014398,0.0,3.9549117992014398,3.9549117992014398,3.9549117992014398,5
freesolv,moladt_small_descriptors,expt,atom_bag10_rbf_gp,empirical_bayes_exact_gp,kernel_hyperparameter,signal_variance,atom_bag,signal_variance,1,0.1961456669960171,1.7006814674466155,1.7006814674466155,0.0,1.7006814674466155,1.7006814674466155,1.7006814674466155,1
freesolv,moladt_small_descriptors,expt,atom_bag10_rbf_gp,empirical_bayes_exact_gp,kernel_hyperparameter,lengthscale,atom_bag,lengthscale,1,0.1961456669960171,1.2758385246045194,1.2758385246045194,0.0,1.2758385246045194,1.2758385246045194,1.2758385246045194,2
freesolv,moladt_small_descriptors,expt,atom_bag10_rbf_gp,empirical_bayes_exact_gp,kernel_hyperparameter,noise_variance,atom_bag,noise_variance,1,0.1961456669960171,0.0832994882764144,0.0832994882764144,0.0,0.0832994882764144,0.0832994882764144,0.0832994882764144,3
freesolv,moladt_small_descriptors,expt,atom_bag10_rbf_gp,empirical_bayes_exact_gp,kernel_hyperparameter,target_mean,atom_bag,target_mean,1,0.1961456669960171,-3.8090294627383017,3.8090294627383017,0.0,-3.8090294627383017,-3.8090294627383017,-3.8090294627383017,4
freesolv,moladt_small_descriptors,expt,atom_bag10_rbf_gp,empirical_bayes_exact_gp,kernel_hyperparameter,target_scale,atom_bag,target_scale,1,0.1961456669960171,3.8526536931316926,3.8526536931316926,0.0,3.8526536931316926,3.8526536931316926,3.8526536931316926,5
freesolv,moladt_small_descriptors,expt,atom_bag10_rbf_gp,empirical_bayes_exact_gp,kernel_hyperparameter,signal_variance,atom_bag,signal_variance,1,0.22272391700244043,1.9161436819063273,1.9161436819063273,0.0,1.9161436819063273,1.9161436819063273,1.9161436819063273,1
freesolv,moladt_small_descriptors,expt,atom_bag10_rbf_gp,empirical_bayes_exact_gp,kernel_hyperparameter,lengthscale,atom_bag,lengthscale,1,0.22272391700244043,1.434923210260941,1.434923210260941,0.0,1.434923210260941,1.434923210260941,1.434923210260941,2
freesolv,moladt_small_descriptors,expt,atom_bag10_rbf_gp,empirical_bayes_exact_gp,kernel_hyperparameter,noise_variance,atom_bag,noise_variance,1,0.22272391700244043,0.09133989869954809,0.09133989869954809,0.0,0.09133989869954809,0.09133989869954809,0.09133989869954809,3
freesolv,moladt_small_descriptors,expt,atom_bag10_rbf_gp,empirical_bayes_exact_gp,kernel_hyperparameter,target_mean,atom_bag,target_mean,1,0.22272391700244043,-3.786429809358752,3.786429809358752,0.0,-3.786429809358752,-3.786429809358752,-3.786429809358752,4
freesolv,moladt_small_descriptors,expt,atom_bag10_rbf_gp,empirical_bayes_exact_gp,kernel_hyperparameter,target_scale,atom_bag,target_scale,1,0.22272391700244043,3.8566618510427095,3.8566618510427095,0.0,3.8566618510427095,3.8566618510427095,3.8566618510427095,5
freesolv,moladt_small_descriptors,expt,atom_bag10_rbf_gp,empirical_bayes_exact_gp,kernel_hyperparameter,signal_variance,atom_bag,signal_variance,1,0.20747420800034888,1.980465592653365,1.980465592653365,0.0,1.980465592653365,1.980465592653365,1.980465592653365,1
freesolv,moladt_small_descriptors,expt,atom_bag10_rbf_gp,empirical_bayes_exact_gp,kernel_hyperparameter,lengthscale,atom_bag,lengthscale,1,0.20747420800034888,1.4839913509581537,1.4839913509581537,0.0,1.4839913509581537,1.4839913509581537,1.4839913509581537,2
freesolv,moladt_small_descriptors,expt,atom_bag10_rbf_gp,empirical_bayes_exact_gp,kernel_hyperparameter,noise_variance,atom_bag,noise_variance,1,0.20747420800034888,0.09599066043468059,0.09599066043468059,0.0,0.09599066043468059,0.09599066043468059,0.09599066043468059,3
freesolv,moladt_small_descriptors,expt,atom_bag10_rbf_gp,empirical_bayes_exact_gp,kernel_hyperparameter,target_mean,atom_bag,target_mean,1,0.20747420800034888,-3.729168110918544,3.729168110918544,0.0,-3.729168110918544,-3.729168110918544,-3.729168110918544,4
freesolv,moladt_small_descriptors,expt,atom_bag10_rbf_gp,empirical_bayes_exact_gp,kernel_hyperparameter,target_scale,atom_bag,target_scale,1,0.20747420800034888,3.8012999237611993,3.8012999237611993,0.0,3.8012999237611993,3.8012999237611993,3.8012999237611993,5
freesolv,moladt_small_descriptors,expt,atom_bag10_rbf_gp,empirical_bayes_exact_gp,kernel_hyperparameter,signal_variance,atom_bag,signal_variance,1,0.21478362500056392,1.691561898838546,1.691561898838546,0.0,1.691561898838546,1.691561898838546,1.691561898838546,1
freesolv,moladt_small_descriptors,expt,atom_bag10_rbf_gp,empirical_bayes_exact_gp,kernel_hyperparameter,lengthscale,atom_bag,lengthscale,1,0.21478362500056392,1.3049544910142188,1.3049544910142188,0.0,1.3049544910142188,1.3049544910142188,1.3049544910142188,2
freesolv,moladt_small_descriptors,expt,atom_bag10_rbf_gp,empirical_bayes_exact_gp,kernel_hyperparameter,noise_variance,atom_bag,noise_variance,1,0.21478362500056392,0.08691156976163077,0.08691156976163077,0.0,0.08691156976163077,0.08691156976163077,0.08691156976163077,3
freesolv,moladt_small_descriptors,expt,atom_bag10_rbf_gp,empirical_bayes_exact_gp,kernel_hyperparameter,target_mean,atom_bag,target_mean,1,0.21478362500056392,-3.793466204506066,3.793466204506066,0.0,-3.793466204506066,-3.793466204506066,-3.793466204506066,4
freesolv,moladt_small_descriptors,expt,atom_bag10_rbf_gp,empirical_bayes_exact_gp,kernel_hyperparameter,target_scale,atom_bag,target_scale,1,0.21478362500056392,3.8669613029520447,3.8669613029520447,0.0,3.8669613029520447,3.8669613029520447,3.8669613029520447,5
freesolv,moladt_small_descriptors,expt,atom_bag10_rbf_gp,empirical_bayes_exact_gp,kernel_hyperparameter,signal_variance,atom_bag,signal_variance,1,0.2037936249980703,1.6128096538470174,1.6128096538470174,0.0,1.6128096538470174,1.6128096538470174,1.6128096538470174,1
freesolv,moladt_small_descriptors,expt,atom_bag10_rbf_gp,empirical_bayes_exact_gp,kernel_hyperparameter,lengthscale,atom_bag,lengthscale,1,0.2037936249980703,1.3138606478431925,1.3138606478431925,0.0,1.3138606478431925,1.3138606478431925,1.3138606478431925,2
freesolv,moladt_small_descriptors,expt,atom_bag10_rbf_gp,empirical_bayes_exact_gp,kernel_hyperparameter,noise_variance,atom_bag,noise_variance,1,0.2037936249980703,0.08984769583478493,0.08984769583478493,0.0,0.08984769583478493,0.08984769583478493,0.08984769583478493,3
freesolv,moladt_small_descriptors,expt,atom_bag10_rbf_gp,empirical_bayes_exact_gp,kernel_hyperparameter,target_mean,atom_bag,target_mean,1,0.2037936249980703,-3.750433275563258,3.750433275563258,0.0,-3.750433275563258,-3.750433275563258,-3.750433275563258,4
freesolv,moladt_small_descriptors,expt,atom_bag10_rbf_gp,empirical_bayes_exact_gp,kernel_hyperparameter,target_scale,atom_bag,target_scale,1,0.2037936249980703,3.8275011853084315,3.8275011853084315,0.0,3.8275011853084315,3.8275011853084315,3.8275011853084315,5
freesolv,moladt_small_descriptors,expt,atom_bag10_rbf_gp,empirical_bayes_exact_gp,kernel_hyperparameter,signal_variance,atom_bag,signal_variance,1,0.21016283399512758,1.7512755038368735,1.7512755038368735,0.0,1.7512755038368735,1.7512755038368735,1.7512755038368735,1
freesolv,moladt_small_descriptors,expt,atom_bag10_rbf_gp,empirical_bayes_exact_gp,kernel_hyperparameter,lengthscale,atom_bag,lengthscale,1,0.21016283399512758,1.2456977416526387,1.2456977416526387,0.0,1.2456977416526387,1.2456977416526387,1.2456977416526387,2
freesolv,moladt_small_descriptors,expt,atom_bag10_rbf_gp,empirical_bayes_exact_gp,kernel_hyperparameter,noise_variance,atom_bag,noise_variance,1,0.21016283399512758,0.09194189991249677,0.09194189991249677,0.0,0.09194189991249677,0.09194189991249677,0.09194189991249677,3
freesolv,moladt_small_descriptors,expt,atom_bag10_rbf_gp,empirical_bayes_exact_gp,kernel_hyperparameter,target_mean,atom_bag,target_mean,1,0.21016283399512758,-3.7911091854419414,3.7911091854419414,0.0,-3.7911091854419414,-3.7911091854419414,-3.7911091854419414,4
freesolv,moladt_small_descriptors,expt,atom_bag10_rbf_gp,empirical_bayes_exact_gp,kernel_hyperparameter,target_scale,atom_bag,target_scale,1,0.21016283399512758,3.7706734569703952,3.7706734569703952,0.0,3.7706734569703952,3.7706734569703952,3.7706734569703952,5
freesolv,moladt_small_descriptors,expt,atom_bag10_rbf_gp,empirical_bayes_exact_gp,kernel_hyperparameter,signal_variance,atom_bag,signal_variance,1,0.1986208330054069,1.522568303550331,1.522568303550331,0.0,1.522568303550331,1.522568303550331,1.522568303550331,1
freesolv,moladt_small_descriptors,expt,atom_bag10_rbf_gp,empirical_bayes_exact_gp,kernel_hyperparameter,lengthscale,atom_bag,lengthscale,1,0.1986208330054069,1.178892806932247,1.178892806932247,0.0,1.178892806932247,1.178892806932247,1.178892806932247,2
freesolv,moladt_small_descriptors,expt,atom_bag10_rbf_gp,empirical_bayes_exact_gp,kernel_hyperparameter,noise_variance,atom_bag,noise_variance,1,0.1986208330054069,0.0855528845060206,0.0855528845060206,0.0,0.0855528845060206,0.0855528845060206,0.0855528845060206,3
freesolv,moladt_small_descriptors,expt,atom_bag10_rbf_gp,empirical_bayes_exact_gp,kernel_hyperparameter,target_mean,atom_bag,target_mean,1,0.1986208330054069,-3.7432928942807626,3.7432928942807626,0.0,-3.7432928942807626,-3.7432928942807626,-3.7432928942807626,4
freesolv,moladt_small_descriptors,expt,atom_bag10_rbf_gp,empirical_bayes_exact_gp,kernel_hyperparameter,target_scale,atom_bag,target_scale,1,0.1986208330054069,3.826399256642203,3.826399256642203,0.0,3.826399256642203,3.826399256642203,3.826399256642203,5
freesolv,moladt_small_descriptors,expt,atom_bag10_rbf_gp,empirical_bayes_exact_gp,kernel_hyperparameter,signal_variance,atom_bag,signal_variance,1,0.21329987500212155,1.7546315639036574,1.7546315639036574,0.0,1.7546315639036574,1.7546315639036574,1.7546315639036574,1
freesolv,moladt_small_descriptors,expt,atom_bag10_rbf_gp,empirical_bayes_exact_gp,kernel_hyperparameter,lengthscale,atom_bag,lengthscale,1,0.21329987500212155,1.3096631823634328,1.3096631823634328,0.0,1.3096631823634328,1.3096631823634328,1.3096631823634328,2
freesolv,moladt_small_descriptors,expt,atom_bag10_rbf_gp,empirical_bayes_exact_gp,kernel_hyperparameter,noise_variance,atom_bag,noise_variance,1,0.21329987500212155,0.09202221288558828,0.09202221288558828,0.0,0.09202221288558828,0.09202221288558828,0.09202221288558828,3
freesolv,moladt_small_descriptors,expt,atom_bag10_rbf_gp,empirical_bayes_exact_gp,kernel_hyperparameter,target_mean,atom_bag,target_mean,1,0.21329987500212155,-3.971646447140381,3.971646447140381,0.0,-3.971646447140381,-3.971646447140381,-3.971646447140381,4
freesolv,moladt_small_descriptors,expt,atom_bag10_rbf_gp,empirical_bayes_exact_gp,kernel_hyperparameter,target_scale,atom_bag,target_scale,1,0.21329987500212155,3.8697895221907825,3.8697895221907825,0.0,3.8697895221907825,3.8697895221907825,3.8697895221907825,5
freesolv,moladt_small_descriptors,expt,atom_bag10_rbf_gp,empirical_bayes_exact_gp,kernel_hyperparameter,signal_variance,atom_bag,signal_variance,1,0.20050366700161248,2.0365560584162896,2.0365560584162896,0.0,2.0365560584162896,2.0365560584162896,2.0365560584162896,1
freesolv,moladt_small_descriptors,expt,atom_bag10_rbf_gp,empirical_bayes_exact_gp,kernel_hyperparameter,lengthscale,atom_bag,lengthscale,1,0.20050366700161248,1.6290155196492422,1.6290155196492422,0.0,1.6290155196492422,1.6290155196492422,1.6290155196492422,2
freesolv,moladt_small_descriptors,expt,atom_bag10_rbf_gp,empirical_bayes_exact_gp,kernel_hyperparameter,noise_variance,atom_bag,noise_variance,1,0.20050366700161248,0.08852563807458103,0.08852563807458103,0.0,0.08852563807458103,0.08852563807458103,0.08852563807458103,3
freesolv,moladt_small_descriptors,expt,atom_bag10_rbf_gp,empirical_bayes_exact_gp,kernel_hyperparameter,target_mean,atom_bag,target_mean,1,0.20050366700161248,-3.6801559792027727,3.6801559792027727,0.0,-3.6801559792027727,-3.6801559792027727,-3.6801559792027727,4
freesolv,moladt_small_descriptors,expt,atom_bag10_rbf_gp,empirical_bayes_exact_gp,kernel_hyperparameter,target_scale,atom_bag,target_scale,1,0.20050366700161248,3.856507180854516,3.856507180854516,0.0,3.856507180854516,3.856507180854516,3.856507180854516,5
freesolv,moladt_small_descriptors,expt,atom_bag10_rbf_gp,empirical_bayes_exact_gp,kernel_hyperparameter,signal_variance,atom_bag,signal_variance,1,0.22583679100353038,1.6397723100357384,1.6397723100357384,0.0,1.6397723100357384,1.6397723100357384,1.6397723100357384,1
freesolv,moladt_small_descriptors,expt,atom_bag10_rbf_gp,empirical_bayes_exact_gp,kernel_hyperparameter,lengthscale,atom_bag,lengthscale,1,0.22583679100353038,1.2091233781955384,1.2091233781955384,0.0,1.2091233781955384,1.2091233781955384,1.2091233781955384,2
freesolv,moladt_small_descriptors,expt,atom_bag10_rbf_gp,empirical_bayes_exact_gp,kernel_hyperparameter,noise_variance,atom_bag,noise_variance,1,0.22583679100353038,0.08145180727427118,0.08145180727427118,0.0,0.08145180727427118,0.08145180727427118,0.08145180727427118,3
freesolv,moladt_small_descriptors,expt,atom_bag10_rbf_gp,empirical_bayes_exact_gp,kernel_hyperparameter,target_mean,atom_bag,target_mean,1,0.22583679100353038,-3.7781975736568456,3.7781975736568456,0.0,-3.7781975736568456,-3.7781975736568456,-3.7781975736568456,4
freesolv,moladt_small_descriptors,expt,atom_bag10_rbf_gp,empirical_bayes_exact_gp,kernel_hyperparameter,target_scale,atom_bag,target_scale,1,0.22583679100353038,3.862400795555192,3.862400795555192,0.0,3.862400795555192,3.862400795555192,3.862400795555192,5
freesolv,moladt_small_descriptors,expt,atom_bag10_rbf_gp,empirical_bayes_exact_gp,kernel_hyperparameter,signal_variance,atom_bag,signal_variance,1,0.20598433300619945,1.7003840152722611,1.7003840152722611,0.0,1.7003840152722611,1.7003840152722611,1.7003840152722611,1
freesolv,moladt_small_descriptors,expt,atom_bag10_rbf_gp,empirical_bayes_exact_gp,kernel_hyperparameter,lengthscale,atom_bag,lengthscale,1,0.20598433300619945,1.279562199888388,1.279562199888388,0.0,1.279562199888388,1.279562199888388,1.279562199888388,2
freesolv,moladt_small_descriptors,expt,atom_bag10_rbf_gp,empirical_bayes_exact_gp,kernel_hyperparameter,noise_variance,atom_bag,noise_variance,1,0.20598433300619945,0.08354686193064605,0.08354686193064605,0.0,0.08354686193064605,0.08354686193064605,0.08354686193064605,3
freesolv,moladt_small_descriptors,expt,atom_bag10_rbf_gp,empirical_bayes_exact_gp,kernel_hyperparameter,target_mean,atom_bag,target_mean,1,0.20598433300619945,-3.8740901213171584,3.8740901213171584,0.0,-3.8740901213171584,-3.8740901213171584,-3.8740901213171584,4
freesolv,moladt_small_descriptors,expt,atom_bag10_rbf_gp,empirical_bayes_exact_gp,kernel_hyperparameter,target_scale,atom_bag,target_scale,1,0.20598433300619945,3.898384624642987,3.898384624642987,0.0,3.898384624642987,3.898384624642987,3.898384624642987,5
freesolv,moladt_small_descriptors,expt,atom_bag10_rbf_gp,empirical_bayes_exact_gp,kernel_hyperparameter,signal_variance,atom_bag,signal_variance,1,0.21668524999404326,1.6724471290140748,1.6724471290140748,0.0,1.6724471290140748,1.6724471290140748,1.6724471290140748,1
freesolv,moladt_small_descriptors,expt,atom_bag10_rbf_gp,empirical_bayes_exact_gp,kernel_hyperparameter,lengthscale,atom_bag,lengthscale,1,0.21668524999404326,1.2888728539157865,1.2888728539157865,0.0,1.2888728539157865,1.2888728539157865,1.2888728539157865,2
freesolv,moladt_small_descriptors,expt,atom_bag10_rbf_gp,empirical_bayes_exact_gp,kernel_hyperparameter,noise_variance,atom_bag,noise_variance,1,0.21668524999404326,0.08909590693743459,0.08909590693743459,0.0,0.08909590693743459,0.08909590693743459,0.08909590693743459,3
freesolv,moladt_small_descriptors,expt,atom_bag10_rbf_gp,empirical_bayes_exact_gp,kernel_hyperparameter,target_mean,atom_bag,target_mean,1,0.21668524999404326,-3.8583535528596196,3.8583535528596196,0.0,-3.8583535528596196,-3.8583535528596196,-3.8583535528596196,4
freesolv,moladt_small_descriptors,expt,atom_bag10_rbf_gp,empirical_bayes_exact_gp,kernel_hyperparameter,target_scale,atom_bag,target_scale,1,0.21668524999404326,3.884866415194803,3.884866415194803,0.0,3.884866415194803,3.884866415194803,3.884866415194803,5
freesolv,moladt_small_descriptors,expt,adjacency_graph20_rbf_gp,empirical_bayes_exact_gp,kernel_hyperparameter,signal_variance,adjacency_graph,signal_variance,1,0.22531416699348483,2.1995537324740626,2.1995537324740626,0.0,2.1995537324740626,2.1995537324740626,2.1995537324740626,1
freesolv,moladt_small_descriptors,expt,adjacency_graph20_rbf_gp,empirical_bayes_exact_gp,kernel_hyperparameter,lengthscale,adjacency_graph,lengthscale,1,0.22531416699348483,2.484884934271981,2.484884934271981,0.0,2.484884934271981,2.484884934271981,2.484884934271981,2
freesolv,moladt_small_descriptors,expt,adjacency_graph20_rbf_gp,empirical_bayes_exact_gp,kernel_hyperparameter,noise_variance,adjacency_graph,noise_variance,1,0.22531416699348483,0.08995248526289383,0.08995248526289383,0.0,0.08995248526289383,0.08995248526289383,0.08995248526289383,3
freesolv,moladt_small_descriptors,expt,adjacency_graph20_rbf_gp,empirical_bayes_exact_gp,kernel_hyperparameter,target_mean,adjacency_graph,target_mean,1,0.22531416699348483,-3.749566724436742,3.749566724436742,0.0,-3.749566724436742,-3.749566724436742,-3.749566724436742,4
freesolv,moladt_small_descriptors,expt,adjacency_graph20_rbf_gp,empirical_bayes_exact_gp,kernel_hyperparameter,target_scale,adjacency_graph,target_scale,1,0.22531416699348483,3.738548266350003,3.738548266350003,0.0,3.738548266350003,3.738548266350003,3.738548266350003,5
freesolv,moladt_small_descriptors,expt,adjacency_graph20_rbf_gp,empirical_bayes_exact_gp,kernel_hyperparameter,signal_variance,adjacency_graph,signal_variance,1,0.20538162500452017,2.4001630804517426,2.4001630804517426,0.0,2.4001630804517426,2.4001630804517426,2.4001630804517426,1
freesolv,moladt_small_descriptors,expt,adjacency_graph20_rbf_gp,empirical_bayes_exact_gp,kernel_hyperparameter,lengthscale,adjacency_graph,lengthscale,1,0.20538162500452017,2.7542959130244205,2.7542959130244205,0.0,2.7542959130244205,2.7542959130244205,2.7542959130244205,2
freesolv,moladt_small_descriptors,expt,adjacency_graph20_rbf_gp,empirical_bayes_exact_gp,kernel_hyperparameter,noise_variance,adjacency_graph,noise_variance,1,0.20538162500452017,0.09502001744452783,0.09502001744452783,0.0,0.09502001744452783,0.09502001744452783,0.09502001744452783,3
freesolv,moladt_small_descriptors,expt,adjacency_graph20_rbf_gp,empirical_bayes_exact_gp,kernel_hyperparameter,target_mean,adjacency_graph,target_mean,1,0.20538162500452017,-3.861681109185441,3.861681109185441,0.0,-3.861681109185441,-3.861681109185441,-3.861681109185441,4
freesolv,moladt_small_descriptors,expt,adjacency_graph20_rbf_gp,empirical_bayes_exact_gp,kernel_hyperparameter,target_scale,adjacency_graph,target_scale,1,0.20538162500452017,3.9255327093981456,3.9255327093981456,0.0,3.9255327093981456,3.9255327093981456,3.9255327093981456,5
freesolv,moladt_small_descriptors,expt,adjacency_graph20_rbf_gp,empirical_bayes_exact_gp,kernel_hyperparameter,signal_variance,adjacency_graph,signal_variance,1,0.2284792499995092,2.2626178593746875,2.2626178593746875,0.0,2.2626178593746875,2.2626178593746875,2.2626178593746875,1
freesolv,moladt_small_descriptors,expt,adjacency_graph20_rbf_gp,empirical_bayes_exact_gp,kernel_hyperparameter,lengthscale,adjacency_graph,lengthscale,1,0.2284792499995092,2.5638800239345167,2.5638800239345167,0.0,2.5638800239345167,2.5638800239345167,2.5638800239345167,2
freesolv,moladt_small_descriptors,expt,adjacency_graph20_rbf_gp,empirical_bayes_exact_gp,kernel_hyperparameter,noise_variance,adjacency_graph,noise_variance,1,0.2284792499995092,0.08081164404065475,0.08081164404065475,0.0,0.08081164404065475,0.08081164404065475,0.08081164404065475,3
freesolv,moladt_small_descriptors,expt,adjacency_graph20_rbf_gp,empirical_bayes_exact_gp,kernel_hyperparameter,target_mean,adjacency_graph,target_mean,1,0.2284792499995092,-3.8159792027729633,3.8159792027729633,0.0,-3.8159792027729633,-3.8159792027729633,-3.8159792027729633,4
freesolv,moladt_small_descriptors,expt,adjacency_graph20_rbf_gp,empirical_bayes_exact_gp,kernel_hyperparameter,target_scale,adjacency_graph,target_scale,1,0.2284792499995092,3.9197095336249537,3.9197095336249537,0.0,3.9197095336249537,3.9197095336249537,3.9197095336249537,5
freesolv,moladt_small_descriptors,expt,adjacency_graph20_rbf_gp,empirical_bayes_exact_gp,kernel_hyperparameter,signal_variance,adjacency_graph,signal_variance,1,0.21059141700243345,2.119568062787757,2.119568062787757,0.0,2.119568062787757,2.119568062787757,2.119568062787757,1
freesolv,moladt_small_descriptors,expt,adjacency_graph20_rbf_gp,empirical_bayes_exact_gp,kernel_hyperparameter,lengthscale,adjacency_graph,lengthscale,1,0.21059141700243345,2.625799143281745,2.625799143281745,0.0,2.625799143281745,2.625799143281745,2.625799143281745,2
freesolv,moladt_small_descriptors,expt,adjacency_graph20_rbf_gp,empirical_bayes_exact_gp,kernel_hyperparameter,noise_variance,adjacency_graph,noise_variance,1,0.21059141700243345,0.09852344749173325,0.09852344749173325,0.0,0.09852344749173325,0.09852344749173325,0.09852344749173325,3
freesolv,moladt_small_descriptors,expt,adjacency_graph20_rbf_gp,empirical_bayes_exact_gp,kernel_hyperparameter,target_mean,adjacency_graph,target_mean,1,0.21059141700243345,-3.840623916811092,3.840623916811092,0.0,-3.840623916811092,-3.840623916811092,-3.840623916811092,4
freesolv,moladt_small_descriptors,expt,adjacency_graph20_rbf_gp,empirical_bayes_exact_gp,kernel_hyperparameter,target_scale,adjacency_graph,target_scale,1,0.21059141700243345,3.841045129516745,3.841045129516745,0.0,3.841045129516745,3.841045129516745,3.841045129516745,5
freesolv,moladt_small_descriptors,expt,adjacency_graph20_rbf_gp,empirical_bayes_exact_gp,kernel_hyperparameter,signal_variance,adjacency_graph,signal_variance,1,0.19515495800442295,2.5156442916760793,2.5156442916760793,0.0,2.5156442916760793,2.5156442916760793,2.5156442916760793,1
freesolv,moladt_small_descriptors,expt,adjacency_graph20_rbf_gp,empirical_bayes_exact_gp,kernel_hyperparameter,lengthscale,adjacency_graph,lengthscale,1,0.19515495800442295,2.8444474503828237,2.8444474503828237,0.0,2.8444474503828237,2.8444474503828237,2.8444474503828237,2
freesolv,moladt_small_descriptors,expt,adjacency_graph20_rbf_gp,empirical_bayes_exact_gp,kernel_hyperparameter,noise_variance,adjacency_graph,noise_variance,1,0.19515495800442295,0.08885188287830682,0.08885188287830682,0.0,0.08885188287830682,0.08885188287830682,0.08885188287830682,3
freesolv,moladt_small_descriptors,expt,adjacency_graph20_rbf_gp,empirical_bayes_exact_gp,kernel_hyperparameter,target_mean,adjacency_graph,target_mean,1,0.19515495800442295,-3.81317157712305,3.81317157712305,0.0,-3.81317157712305,-3.81317157712305,-3.81317157712305,4
freesolv,moladt_small_descriptors,expt,adjacency_graph20_rbf_gp,empirical_bayes_exact_gp,kernel_hyperparameter,target_scale,adjacency_graph,target_scale,1,0.19515495800442295,3.8833749762626835,3.8833749762626835,0.0,3.8833749762626835,3.8833749762626835,3.8833749762626835,5
freesolv,moladt_small_descriptors,expt,adjacency_graph20_rbf_gp,empirical_bayes_exact_gp,kernel_hyperparameter,signal_variance,adjacency_graph,signal_variance,1,0.21005041700118454,2.110653656761752,2.110653656761752,0.0,2.110653656761752,2.110653656761752,2.110653656761752,1
freesolv,moladt_small_descriptors,expt,adjacency_graph20_rbf_gp,empirical_bayes_exact_gp,kernel_hyperparameter,lengthscale,adjacency_graph,lengthscale,1,0.21005041700118454,2.5119668172224876,2.5119668172224876,0.0,2.5119668172224876,2.5119668172224876,2.5119668172224876,2
freesolv,moladt_small_descriptors,expt,adjacency_graph20_rbf_gp,empirical_bayes_exact_gp,kernel_hyperparameter,noise_variance,adjacency_graph,noise_variance,1,0.21005041700118454,0.09130825732085723,0.09130825732085723,0.0,0.09130825732085723,0.09130825732085723,0.09130825732085723,3
freesolv,moladt_small_descriptors,expt,adjacency_graph20_rbf_gp,empirical_bayes_exact_gp,kernel_hyperparameter,target_mean,adjacency_graph,target_mean,1,0.21005041700118454,-3.7891334488734834,3.7891334488734834,0.0,-3.7891334488734834,-3.7891334488734834,-3.7891334488734834,4
freesolv,moladt_small_descriptors,expt,adjacency_graph20_rbf_gp,empirical_bayes_exact_gp,kernel_hyperparameter,target_scale,adjacency_graph,target_scale,1,0.21005041700118454,3.7810839428508647,3.7810839428508647,0.0,3.7810839428508647,3.7810839428508647,3.7810839428508647,5
freesolv,moladt_small_descriptors,expt,adjacency_graph20_rbf_gp,empirical_bayes_exact_gp,kernel_hyperparameter,signal_variance,adjacency_graph,signal_variance,1,0.22420749999582767,2.0766135549404656,2.0766135549404656,0.0,2.0766135549404656,2.0766135549404656,2.0766135549404656,1
freesolv,moladt_small_descriptors,expt,adjacency_graph20_rbf_gp,empirical_bayes_exact_gp,kernel_hyperparameter,lengthscale,adjacency_graph,lengthscale,1,0.22420749999582767,2.5395942101815363,2.5395942101815363,0.0,2.5395942101815363,2.5395942101815363,2.5395942101815363,2
freesolv,moladt_small_descriptors,expt,adjacency_graph20_rbf_gp,empirical_bayes_exact_gp,kernel_hyperparameter,noise_variance,adjacency_graph,noise_variance,1,0.22420749999582767,0.0925334841525777,0.0925334841525777,0.0,0.0925334841525777,0.0925334841525777,0.0925334841525777,3
freesolv,moladt_small_descriptors,expt,adjacency_graph20_rbf_gp,empirical_bayes_exact_gp,kernel_hyperparameter,target_mean,adjacency_graph,target_mean,1,0.22420749999582767,-3.774991334488735,3.774991334488735,0.0,-3.774991334488735,-3.774991334488735,-3.774991334488735,4
freesolv,moladt_small_descriptors,expt,adjacency_graph20_rbf_gp,empirical_bayes_exact_gp,kernel_hyperparameter,target_scale,adjacency_graph,target_scale,1,0.22420749999582767,3.755608636483241,3.755608636483241,0.0,3.755608636483241,3.755608636483241,3.755608636483241,5
freesolv,moladt_small_descriptors,expt,adjacency_graph20_rbf_gp,empirical_bayes_exact_gp,kernel_hyperparameter,signal_variance,adjacency_graph,signal_variance,1,0.19816916599666,2.3680887567845805,2.3680887567845805,0.0,2.3680887567845805,2.3680887567845805,2.3680887567845805,1
freesolv,moladt_small_descriptors,expt,adjacency_graph20_rbf_gp,empirical_bayes_exact_gp,kernel_hyperparameter,lengthscale,adjacency_graph,lengthscale,1,0.19816916599666,2.739900427602223,2.739900427602223,0.0,2.739900427602223,2.739900427602223,2.739900427602223,2
freesolv,moladt_small_descriptors,expt,adjacency_graph20_rbf_gp,empirical_bayes_exact_gp,kernel_hyperparameter,noise_variance,adjacency_graph,noise_variance,1,0.19816916599666,0.08893455212112075,0.08893455212112075,0.0,0.08893455212112075,0.08893455212112075,0.08893455212112075,3
freesolv,moladt_small_descriptors,expt,adjacency_graph20_rbf_gp,empirical_bayes_exact_gp,kernel_hyperparameter,target_mean,adjacency_graph,target_mean,1,0.19816916599666,-3.8188041594454067,3.8188041594454067,0.0,-3.8188041594454067,-3.8188041594454067,-3.8188041594454067,4
freesolv,moladt_small_descriptors,expt,adjacency_graph20_rbf_gp,empirical_bayes_exact_gp,kernel_hyperparameter,target_scale,adjacency_graph,target_scale,1,0.19816916599666,3.9549117992014398,3.9549117992014398,0.0,3.9549117992014398,3.9549117992014398,3.9549117992014398,5
freesolv,moladt_small_descriptors,expt,adjacency_graph20_rbf_gp,empirical_bayes_exact_gp,kernel_hyperparameter,signal_variance,adjacency_graph,signal_variance,1,0.2038982500016573,2.2686075486780313,2.2686075486780313,0.0,2.2686075486780313,2.2686075486780313,2.2686075486780313,1
freesolv,moladt_small_descriptors,expt,adjacency_graph20_rbf_gp,empirical_bayes_exact_gp,kernel_hyperparameter,lengthscale,adjacency_graph,lengthscale,1,0.2038982500016573,2.514543589448151,2.514543589448151,0.0,2.514543589448151,2.514543589448151,2.514543589448151,2
freesolv,moladt_small_descriptors,expt,adjacency_graph20_rbf_gp,empirical_bayes_exact_gp,kernel_hyperparameter,noise_variance,adjacency_graph,noise_variance,1,0.2038982500016573,0.0876737543478625,0.0876737543478625,0.0,0.0876737543478625,0.0876737543478625,0.0876737543478625,3
freesolv,moladt_small_descriptors,expt,adjacency_graph20_rbf_gp,empirical_bayes_exact_gp,kernel_hyperparameter,target_mean,adjacency_graph,target_mean,1,0.2038982500016573,-3.8090294627383017,3.8090294627383017,0.0,-3.8090294627383017,-3.8090294627383017,-3.8090294627383017,4
freesolv,moladt_small_descriptors,expt,adjacency_graph20_rbf_gp,empirical_bayes_exact_gp,kernel_hyperparameter,target_scale,adjacency_graph,target_scale,1,0.2038982500016573,3.8526536931316926,3.8526536931316926,0.0,3.8526536931316926,3.8526536931316926,3.8526536931316926,5
freesolv,moladt_small_descriptors,expt,adjacency_graph20_rbf_gp,empirical_bayes_exact_gp,kernel_hyperparameter,signal_variance,adjacency_graph,signal_variance,1,0.21264441600214923,2.635202491380143,2.635202491380143,0.0,2.635202491380143,2.635202491380143,2.635202491380143,1
freesolv,moladt_small_descriptors,expt,adjacency_graph20_rbf_gp,empirical_bayes_exact_gp,kernel_hyperparameter,lengthscale,adjacency_graph,lengthscale,1,0.21264441600214923,2.9373417129458566,2.9373417129458566,0.0,2.9373417129458566,2.9373417129458566,2.9373417129458566,2
freesolv,moladt_small_descriptors,expt,adjacency_graph20_rbf_gp,empirical_bayes_exact_gp,kernel_hyperparameter,noise_variance,adjacency_graph,noise_variance,1,0.21264441600214923,0.09543777004112321,0.09543777004112321,0.0,0.09543777004112321,0.09543777004112321,0.09543777004112321,3
freesolv,moladt_small_descriptors,expt,adjacency_graph20_rbf_gp,empirical_bayes_exact_gp,kernel_hyperparameter,target_mean,adjacency_graph,target_mean,1,0.21264441600214923,-3.786429809358752,3.786429809358752,0.0,-3.786429809358752,-3.786429809358752,-3.786429809358752,4
freesolv,moladt_small_descriptors,expt,adjacency_graph20_rbf_gp,empirical_bayes_exact_gp,kernel_hyperparameter,target_scale,adjacency_graph,target_scale,1,0.21264441600214923,3.8566618510427095,3.8566618510427095,0.0,3.8566618510427095,3.8566618510427095,3.8566618510427095,5
freesolv,moladt_small_descriptors,expt,adjacency_graph20_rbf_gp,empirical_bayes_exact_gp,kernel_hyperparameter,signal_variance,adjacency_graph,signal_variance,1,0.21345704199484317,2.6702214994855447,2.6702214994855447,0.0,2.6702214994855447,2.6702214994855447,2.6702214994855447,1
freesolv,moladt_small_descriptors,expt,adjacency_graph20_rbf_gp,empirical_bayes_exact_gp,kernel_hyperparameter,lengthscale,adjacency_graph,lengthscale,1,0.21345704199484317,2.8950898304656514,2.8950898304656514,0.0,2.8950898304656514,2.8950898304656514,2.8950898304656514,2
freesolv,moladt_small_descriptors,expt,adjacency_graph20_rbf_gp,empirical_bayes_exact_gp,kernel_hyperparameter,noise_variance,adjacency_graph,noise_variance,1,0.21345704199484317,0.09798107205069566,0.09798107205069566,0.0,0.09798107205069566,0.09798107205069566,0.09798107205069566,3
freesolv,moladt_small_descriptors,expt,adjacency_graph20_rbf_gp,empirical_bayes_exact_gp,kernel_hyperparameter,target_mean,adjacency_graph,target_mean,1,0.21345704199484317,-3.729168110918544,3.729168110918544,0.0,-3.729168110918544,-3.729168110918544,-3.729168110918544,4
freesolv,moladt_small_descriptors,expt,adjacency_graph20_rbf_gp,empirical_bayes_exact_gp,kernel_hyperparameter,target_scale,adjacency_graph,target_scale,1,0.21345704199484317,3.8012999237611993,3.8012999237611993,0.0,3.8012999237611993,3.8012999237611993,3.8012999237611993,5
freesolv,moladt_small_descriptors,expt,adjacency_graph20_rbf_gp,empirical_bayes_exact_gp,kernel_hyperparameter,signal_variance,adjacency_graph,signal_variance,1,0.20438400000421098,2.242603540814397,2.242603540814397,0.0,2.242603540814397,2.242603540814397,2.242603540814397,1
freesolv,moladt_small_descriptors,expt,adjacency_graph20_rbf_gp,empirical_bayes_exact_gp,kernel_hyperparameter,lengthscale,adjacency_graph,lengthscale,1,0.20438400000421098,2.7023872192293545,2.7023872192293545,0.0,2.7023872192293545,2.7023872192293545,2.7023872192293545,2
freesolv,moladt_small_descriptors,expt,adjacency_graph20_rbf_gp,empirical_bayes_exact_gp,kernel_hyperparameter,noise_variance,adjacency_graph,noise_variance,1,0.20438400000421098,0.09417395874796292,0.09417395874796292,0.0,0.09417395874796292,0.09417395874796292,0.09417395874796292,3
freesolv,moladt_small_descriptors,expt,adjacency_graph20_rbf_gp,empirical_bayes_exact_gp,kernel_hyperparameter,target_mean,adjacency_graph,target_mean,1,0.20438400000421098,-3.793466204506066,3.793466204506066,0.0,-3.793466204506066,-3.793466204506066,-3.793466204506066,4
freesolv,moladt_small_descriptors,expt,adjacency_graph20_rbf_gp,empirical_bayes_exact_gp,kernel_hyperparameter,target_scale,adjacency_graph,target_scale,1,0.20438400000421098,3.8669613029520447,3.8669613029520447,0.0,3.8669613029520447,3.8669613029520447,3.8669613029520447,5
freesolv,moladt_small_descriptors,expt,adjacency_graph20_rbf_gp,empirical_bayes_exact_gp,kernel_hyperparameter,signal_variance,adjacency_graph,signal_variance,1,0.22284025000408292,1.924296458957459,1.924296458957459,0.0,1.924296458957459,1.924296458957459,1.924296458957459,1
freesolv,moladt_small_descriptors,expt,adjacency_graph20_rbf_gp,empirical_bayes_exact_gp,kernel_hyperparameter,lengthscale,adjacency_graph,lengthscale,1,0.22284025000408292,2.4703795476359316,2.4703795476359316,0.0,2.4703795476359316,2.4703795476359316,2.4703795476359316,2
freesolv,moladt_small_descriptors,expt,adjacency_graph20_rbf_gp,empirical_bayes_exact_gp,kernel_hyperparameter,noise_variance,adjacency_graph,noise_variance,1,0.22284025000408292,0.08474710380114213,0.08474710380114213,0.0,0.08474710380114213,0.08474710380114213,0.08474710380114213,3
freesolv,moladt_small_descriptors,expt,adjacency_graph20_rbf_gp,empirical_bayes_exact_gp,kernel_hyperparameter,target_mean,adjacency_graph,target_mean,1,0.22284025000408292,-3.750433275563258,3.750433275563258,0.0,-3.750433275563258,-3.750433275563258,-3.750433275563258,4
freesolv,moladt_small_descriptors,expt,adjacency_graph20_rbf_gp,empirical_bayes_exact_gp,kernel_hyperparameter,target_scale,adjacency_graph,target_scale,1,0.22284025000408292,3.8275011853084315,3.8275011853084315,0.0,3.8275011853084315,3.8275011853084315,3.8275011853084315,5
freesolv,moladt_small_descriptors,expt,adjacency_graph20_rbf_gp,empirical_bayes_exact_gp,kernel_hyperparameter,signal_variance,adjacency_graph,signal_variance,1,0.2022872909947182,2.656218794068974,2.656218794068974,0.0,2.656218794068974,2.656218794068974,2.656218794068974,1
freesolv,moladt_small_descriptors,expt,adjacency_graph20_rbf_gp,empirical_bayes_exact_gp,kernel_hyperparameter,lengthscale,adjacency_graph,lengthscale,1,0.2022872909947182,2.7841081365946754,2.7841081365946754,0.0,2.7841081365946754,2.7841081365946754,2.7841081365946754,2
freesolv,moladt_small_descriptors,expt,adjacency_graph20_rbf_gp,empirical_bayes_exact_gp,kernel_hyperparameter,noise_variance,adjacency_graph,noise_variance,1,0.2022872909947182,0.09430108798745997,0.09430108798745997,0.0,0.09430108798745997,0.09430108798745997,0.09430108798745997,3
freesolv,moladt_small_descriptors,expt,adjacency_graph20_rbf_gp,empirical_bayes_exact_gp,kernel_hyperparameter,target_mean,adjacency_graph,target_mean,1,0.2022872909947182,-3.7911091854419414,3.7911091854419414,0.0,-3.7911091854419414,-3.7911091854419414,-3.7911091854419414,4
freesolv,moladt_small_descriptors,expt,adjacency_graph20_rbf_gp,empirical_bayes_exact_gp,kernel_hyperparameter,target_scale,adjacency_graph,target_scale,1,0.2022872909947182,3.7706734569703952,3.7706734569703952,0.0,3.7706734569703952,3.7706734569703952,3.7706734569703952,5
freesolv,moladt_small_descriptors,expt,adjacency_graph20_rbf_gp,empirical_bayes_exact_gp,kernel_hyperparameter,signal_variance,adjacency_graph,signal_variance,1,0.2048643749949406,2.0451335009111267,2.0451335009111267,0.0,2.0451335009111267,2.0451335009111267,2.0451335009111267,1
freesolv,moladt_small_descriptors,expt,adjacency_graph20_rbf_gp,empirical_bayes_exact_gp,kernel_hyperparameter,lengthscale,adjacency_graph,lengthscale,1,0.2048643749949406,2.4437731192602503,2.4437731192602503,0.0,2.4437731192602503,2.4437731192602503,2.4437731192602503,2
freesolv,moladt_small_descriptors,expt,adjacency_graph20_rbf_gp,empirical_bayes_exact_gp,kernel_hyperparameter,noise_variance,adjacency_graph,noise_variance,1,0.2048643749949406,0.087833552024598,0.087833552024598,0.0,0.087833552024598,0.087833552024598,0.087833552024598,3
freesolv,moladt_small_descriptors,expt,adjacency_graph20_rbf_gp,empirical_bayes_exact_gp,kernel_hyperparameter,target_mean,adjacency_graph,target_mean,1,0.2048643749949406,-3.7432928942807626,3.7432928942807626,0.0,-3.7432928942807626,-3.7432928942807626,-3.7432928942807626,4
freesolv,moladt_small_descriptors,expt,adjacency_graph20_rbf_gp,empirical_bayes_exact_gp,kernel_hyperparameter,target_scale,adjacency_graph,target_scale,1,0.2048643749949406,3.826399256642203,3.826399256642203,0.0,3.826399256642203,3.826399256642203,3.826399256642203,5
freesolv,moladt_small_descriptors,expt,adjacency_graph20_rbf_gp,empirical_bayes_exact_gp,kernel_hyperparameter,signal_variance,adjacency_graph,signal_variance,1,0.2107571669985191,2.1388103391010653,2.1388103391010653,0.0,2.1388103391010653,2.1388103391010653,2.1388103391010653,1
freesolv,moladt_small_descriptors,expt,adjacency_graph20_rbf_gp,empirical_bayes_exact_gp,kernel_hyperparameter,lengthscale,adjacency_graph,lengthscale,1,0.2107571669985191,2.5282754662152263,2.5282754662152263,0.0,2.5282754662152263,2.5282754662152263,2.5282754662152263,2
freesolv,moladt_small_descriptors,expt,adjacency_graph20_rbf_gp,empirical_bayes_exact_gp,kernel_hyperparameter,noise_variance,adjacency_graph,noise_variance,1,0.2107571669985191,0.08887465107348877,0.08887465107348877,0.0,0.08887465107348877,0.08887465107348877,0.08887465107348877,3
freesolv,moladt_small_descriptors,expt,adjacency_graph20_rbf_gp,empirical_bayes_exact_gp,kernel_hyperparameter,target_mean,adjacency_graph,target_mean,1,0.2107571669985191,-3.971646447140381,3.971646447140381,0.0,-3.971646447140381,-3.971646447140381,-3.971646447140381,4
freesolv,moladt_small_descriptors,expt,adjacency_graph20_rbf_gp,empirical_bayes_exact_gp,kernel_hyperparameter,target_scale,adjacency_graph,target_scale,1,0.2107571669985191,3.8697895221907825,3.8697895221907825,0.0,3.8697895221907825,3.8697895221907825,3.8697895221907825,5
freesolv,moladt_small_descriptors,expt,adjacency_graph20_rbf_gp,empirical_bayes_exact_gp,kernel_hyperparameter,signal_variance,adjacency_graph,signal_variance,1,0.22146758400049293,2.1771203862734834,2.1771203862734834,0.0,2.1771203862734834,2.1771203862734834,2.1771203862734834,1
freesolv,moladt_small_descriptors,expt,adjacency_graph20_rbf_gp,empirical_bayes_exact_gp,kernel_hyperparameter,lengthscale,adjacency_graph,lengthscale,1,0.22146758400049293,2.546938182794523,2.546938182794523,0.0,2.546938182794523,2.546938182794523,2.546938182794523,2
freesolv,moladt_small_descriptors,expt,adjacency_graph20_rbf_gp,empirical_bayes_exact_gp,kernel_hyperparameter,noise_variance,adjacency_graph,noise_variance,1,0.22146758400049293,0.07120479867501937,0.07120479867501937,0.0,0.07120479867501937,0.07120479867501937,0.07120479867501937,3
freesolv,moladt_small_descriptors,expt,adjacency_graph20_rbf_gp,empirical_bayes_exact_gp,kernel_hyperparameter,target_mean,adjacency_graph,target_mean,1,0.22146758400049293,-3.6801559792027727,3.6801559792027727,0.0,-3.6801559792027727,-3.6801559792027727,-3.6801559792027727,4
freesolv,moladt_small_descriptors,expt,adjacency_graph20_rbf_gp,empirical_bayes_exact_gp,kernel_hyperparameter,target_scale,adjacency_graph,target_scale,1,0.22146758400049293,3.856507180854516,3.856507180854516,0.0,3.856507180854516,3.856507180854516,3.856507180854516,5
freesolv,moladt_small_descriptors,expt,adjacency_graph20_rbf_gp,empirical_bayes_exact_gp,kernel_hyperparameter,signal_variance,adjacency_graph,signal_variance,1,0.2155691250009113,2.1683924043517884,2.1683924043517884,0.0,2.1683924043517884,2.1683924043517884,2.1683924043517884,1
freesolv,moladt_small_descriptors,expt,adjacency_graph20_rbf_gp,empirical_bayes_exact_gp,kernel_hyperparameter,lengthscale,adjacency_graph,lengthscale,1,0.2155691250009113,2.4607852810896658,2.4607852810896658,0.0,2.4607852810896658,2.4607852810896658,2.4607852810896658,2
freesolv,moladt_small_descriptors,expt,adjacency_graph20_rbf_gp,empirical_bayes_exact_gp,kernel_hyperparameter,noise_variance,adjacency_graph,noise_variance,1,0.2155691250009113,0.0803474603070424,0.0803474603070424,0.0,0.0803474603070424,0.0803474603070424,0.0803474603070424,3
freesolv,moladt_small_descriptors,expt,adjacency_graph20_rbf_gp,empirical_bayes_exact_gp,kernel_hyperparameter,target_mean,adjacency_graph,target_mean,1,0.2155691250009113,-3.7781975736568456,3.7781975736568456,0.0,-3.7781975736568456,-3.7781975736568456,-3.7781975736568456,4
freesolv,moladt_small_descriptors,expt,adjacency_graph20_rbf_gp,empirical_bayes_exact_gp,kernel_hyperparameter,target_scale,adjacency_graph,target_scale,1,0.2155691250009113,3.862400795555192,3.862400795555192,0.0,3.862400795555192,3.862400795555192,3.862400795555192,5
freesolv,moladt_small_descriptors,expt,adjacency_graph20_rbf_gp,empirical_bayes_exact_gp,kernel_hyperparameter,signal_variance,adjacency_graph,signal_variance,1,0.21307812500162981,2.1653060987114525,2.1653060987114525,0.0,2.1653060987114525,2.1653060987114525,2.1653060987114525,1
freesolv,moladt_small_descriptors,expt,adjacency_graph20_rbf_gp,empirical_bayes_exact_gp,kernel_hyperparameter,lengthscale,adjacency_graph,lengthscale,1,0.21307812500162981,2.5282431792348286,2.5282431792348286,0.0,2.5282431792348286,2.5282431792348286,2.5282431792348286,2
freesolv,moladt_small_descriptors,expt,adjacency_graph20_rbf_gp,empirical_bayes_exact_gp,kernel_hyperparameter,noise_variance,adjacency_graph,noise_variance,1,0.21307812500162981,0.0848562337034942,0.0848562337034942,0.0,0.0848562337034942,0.0848562337034942,0.0848562337034942,3
freesolv,moladt_small_descriptors,expt,adjacency_graph20_rbf_gp,empirical_bayes_exact_gp,kernel_hyperparameter,target_mean,adjacency_graph,target_mean,1,0.21307812500162981,-3.8740901213171584,3.8740901213171584,0.0,-3.8740901213171584,-3.8740901213171584,-3.8740901213171584,4
freesolv,moladt_small_descriptors,expt,adjacency_graph20_rbf_gp,empirical_bayes_exact_gp,kernel_hyperparameter,target_scale,adjacency_graph,target_scale,1,0.21307812500162981,3.898384624642987,3.898384624642987,0.0,3.898384624642987,3.898384624642987,3.898384624642987,5
freesolv,moladt_small_descriptors,expt,adjacency_graph20_rbf_gp,empirical_bayes_exact_gp,kernel_hyperparameter,signal_variance,adjacency_graph,signal_variance,1,0.20503641699906439,2.514160131266362,2.514160131266362,0.0,2.514160131266362,2.514160131266362,2.514160131266362,1
freesolv,moladt_small_descriptors,expt,adjacency_graph20_rbf_gp,empirical_bayes_exact_gp,kernel_hyperparameter,lengthscale,adjacency_graph,lengthscale,1,0.20503641699906439,2.8340385732464557,2.8340385732464557,0.0,2.8340385732464557,2.8340385732464557,2.8340385732464557,2
freesolv,moladt_small_descriptors,expt,adjacency_graph20_rbf_gp,empirical_bayes_exact_gp,kernel_hyperparameter,noise_variance,adjacency_graph,noise_variance,1,0.20503641699906439,0.09499308818287516,0.09499308818287516,0.0,0.09499308818287516,0.09499308818287516,0.09499308818287516,3
freesolv,moladt_small_descriptors,expt,adjacency_graph20_rbf_gp,empirical_bayes_exact_gp,kernel_hyperparameter,target_mean,adjacency_graph,target_mean,1,0.20503641699906439,-3.8583535528596196,3.8583535528596196,0.0,-3.8583535528596196,-3.8583535528596196,-3.8583535528596196,4
freesolv,moladt_small_descriptors,expt,adjacency_graph20_rbf_gp,empirical_bayes_exact_gp,kernel_hyperparameter,target_scale,adjacency_graph,target_scale,1,0.20503641699906439,3.884866415194803,3.884866415194803,0.0,3.884866415194803,3.884866415194803,3.884866415194803,5
freesolv,moladt_small_descriptors,expt,moladt_full30_rbf_gp,empirical_bayes_exact_gp,kernel_hyperparameter,signal_variance,full_moladt,signal_variance,1,0.22047379199648276,1.6710119283849874,1.6710119283849874,0.0,1.6710119283849874,1.6710119283849874,1.6710119283849874,1
freesolv,moladt_small_descriptors,expt,moladt_full30_rbf_gp,empirical_bayes_exact_gp,kernel_hyperparameter,lengthscale,full_moladt,lengthscale,1,0.22047379199648276,3.551170456434251,3.551170456434251,0.0,3.551170456434251,3.551170456434251,3.551170456434251,2
freesolv,moladt_small_descriptors,expt,moladt_full30_rbf_gp,empirical_bayes_exact_gp,kernel_hyperparameter,noise_variance,full_moladt,noise_variance,1,0.22047379199648276,0.025248421211864346,0.025248421211864346,0.0,0.025248421211864346,0.025248421211864346,0.025248421211864346,3
freesolv,moladt_small_descriptors,expt,moladt_full30_rbf_gp,empirical_bayes_exact_gp,kernel_hyperparameter,target_mean,full_moladt,target_mean,1,0.22047379199648276,-3.749566724436742,3.749566724436742,0.0,-3.749566724436742,-3.749566724436742,-3.749566724436742,4
freesolv,moladt_small_descriptors,expt,moladt_full30_rbf_gp,empirical_bayes_exact_gp,kernel_hyperparameter,target_scale,full_moladt,target_scale,1,0.22047379199648276,3.738548266350003,3.738548266350003,0.0,3.738548266350003,3.738548266350003,3.738548266350003,5
freesolv,moladt_small_descriptors,expt,moladt_full30_rbf_gp,empirical_bayes_exact_gp,kernel_hyperparameter,signal_variance,full_moladt,signal_variance,1,0.22341070800030138,1.7090345226612698,1.7090345226612698,0.0,1.7090345226612698,1.7090345226612698,1.7090345226612698,1
freesolv,moladt_small_descriptors,expt,moladt_full30_rbf_gp,empirical_bayes_exact_gp,kernel_hyperparameter,lengthscale,full_moladt,lengthscale,1,0.22341070800030138,3.766629629966372,3.766629629966372,0.0,3.766629629966372,3.766629629966372,3.766629629966372,2
freesolv,moladt_small_descriptors,expt,moladt_full30_rbf_gp,empirical_bayes_exact_gp,kernel_hyperparameter,noise_variance,full_moladt,noise_variance,1,0.22341070800030138,0.027809917121972495,0.027809917121972495,0.0,0.027809917121972495,0.027809917121972495,0.027809917121972495,3
freesolv,moladt_small_descriptors,expt,moladt_full30_rbf_gp,empirical_bayes_exact_gp,kernel_hyperparameter,target_mean,full_moladt,target_mean,1,0.22341070800030138,-3.861681109185441,3.861681109185441,0.0,-3.861681109185441,-3.861681109185441,-3.861681109185441,4
freesolv,moladt_small_descriptors,expt,moladt_full30_rbf_gp,empirical_bayes_exact_gp,kernel_hyperparameter,target_scale,full_moladt,target_scale,1,0.22341070800030138,3.9255327093981456,3.9255327093981456,0.0,3.9255327093981456,3.9255327093981456,3.9255327093981456,5
freesolv,moladt_small_descriptors,expt,moladt_full30_rbf_gp,empirical_bayes_exact_gp,kernel_hyperparameter,signal_variance,full_moladt,signal_variance,1,0.22013604100357043,1.7115900484507487,1.7115900484507487,0.0,1.7115900484507487,1.7115900484507487,1.7115900484507487,1
freesolv,moladt_small_descriptors,expt,moladt_full30_rbf_gp,empirical_bayes_exact_gp,kernel_hyperparameter,lengthscale,full_moladt,lengthscale,1,0.22013604100357043,3.588292419391243,3.588292419391243,0.0,3.588292419391243,3.588292419391243,3.588292419391243,2
freesolv,moladt_small_descriptors,expt,moladt_full30_rbf_gp,empirical_bayes_exact_gp,kernel_hyperparameter,noise_variance,full_moladt,noise_variance,1,0.22013604100357043,0.02204600767732143,0.02204600767732143,0.0,0.02204600767732143,0.02204600767732143,0.02204600767732143,3
freesolv,moladt_small_descriptors,expt,moladt_full30_rbf_gp,empirical_bayes_exact_gp,kernel_hyperparameter,target_mean,full_moladt,target_mean,1,0.22013604100357043,-3.8159792027729633,3.8159792027729633,0.0,-3.8159792027729633,-3.8159792027729633,-3.8159792027729633,4
freesolv,moladt_small_descriptors,expt,moladt_full30_rbf_gp,empirical_bayes_exact_gp,kernel_hyperparameter,target_scale,full_moladt,target_scale,1,0.22013604100357043,3.9197095336249537,3.9197095336249537,0.0,3.9197095336249537,3.9197095336249537,3.9197095336249537,5
freesolv,moladt_small_descriptors,expt,moladt_full30_rbf_gp,empirical_bayes_exact_gp,kernel_hyperparameter,signal_variance,full_moladt,signal_variance,1,0.22263141599978553,1.6580706657288158,1.6580706657288158,0.0,1.6580706657288158,1.6580706657288158,1.6580706657288158,1
freesolv,moladt_small_descriptors,expt,moladt_full30_rbf_gp,empirical_bayes_exact_gp,kernel_hyperparameter,lengthscale,full_moladt,lengthscale,1,0.22263141599978553,3.6941679457035774,3.6941679457035774,0.0,3.6941679457035774,3.6941679457035774,3.6941679457035774,2
freesolv,moladt_small_descriptors,expt,moladt_full30_rbf_gp,empirical_bayes_exact_gp,kernel_hyperparameter,noise_variance,full_moladt,noise_variance,1,0.22263141599978553,0.026571348589729874,0.026571348589729874,0.0,0.026571348589729874,0.026571348589729874,0.026571348589729874,3
freesolv,moladt_small_descriptors,expt,moladt_full30_rbf_gp,empirical_bayes_exact_gp,kernel_hyperparameter,target_mean,full_moladt,target_mean,1,0.22263141599978553,-3.840623916811092,3.840623916811092,0.0,-3.840623916811092,-3.840623916811092,-3.840623916811092,4
freesolv,moladt_small_descriptors,expt,moladt_full30_rbf_gp,empirical_bayes_exact_gp,kernel_hyperparameter,target_scale,full_moladt,target_scale,1,0.22263141599978553,3.841045129516745,3.841045129516745,0.0,3.841045129516745,3.841045129516745,3.841045129516745,5
freesolv,moladt_small_descriptors,expt,moladt_full30_rbf_gp,empirical_bayes_exact_gp,kernel_hyperparameter,signal_variance,full_moladt,signal_variance,1,0.2318778749977355,1.7767109432545916,1.7767109432545916,0.0,1.7767109432545916,1.7767109432545916,1.7767109432545916,1
freesolv,moladt_small_descriptors,expt,moladt_full30_rbf_gp,empirical_bayes_exact_gp,kernel_hyperparameter,lengthscale,full_moladt,lengthscale,1,0.2318778749977355,3.7554356966007765,3.7554356966007765,0.0,3.7554356966007765,3.7554356966007765,3.7554356966007765,2
freesolv,moladt_small_descriptors,expt,moladt_full30_rbf_gp,empirical_bayes_exact_gp,kernel_hyperparameter,noise_variance,full_moladt,noise_variance,1,0.2318778749977355,0.02860506327606711,0.02860506327606711,0.0,0.02860506327606711,0.02860506327606711,0.02860506327606711,3
freesolv,moladt_small_descriptors,expt,moladt_full30_rbf_gp,empirical_bayes_exact_gp,kernel_hyperparameter,target_mean,full_moladt,target_mean,1,0.2318778749977355,-3.81317157712305,3.81317157712305,0.0,-3.81317157712305,-3.81317157712305,-3.81317157712305,4
freesolv,moladt_small_descriptors,expt,moladt_full30_rbf_gp,empirical_bayes_exact_gp,kernel_hyperparameter,target_scale,full_moladt,target_scale,1,0.2318778749977355,3.8833749762626835,3.8833749762626835,0.0,3.8833749762626835,3.8833749762626835,3.8833749762626835,5
freesolv,moladt_small_descriptors,expt,moladt_full30_rbf_gp,empirical_bayes_exact_gp,kernel_hyperparameter,signal_variance,full_moladt,signal_variance,1,0.24673641599656548,1.7102208566503256,1.7102208566503256,0.0,1.7102208566503256,1.7102208566503256,1.7102208566503256,1
freesolv,moladt_small_descriptors,expt,moladt_full30_rbf_gp,empirical_bayes_exact_gp,kernel_hyperparameter,lengthscale,full_moladt,lengthscale,1,0.24673641599656548,3.5168469487768204,3.5168469487768204,0.0,3.5168469487768204,3.5168469487768204,3.5168469487768204,2
freesolv,moladt_small_descriptors,expt,moladt_full30_rbf_gp,empirical_bayes_exact_gp,kernel_hyperparameter,noise_variance,full_moladt,noise_variance,1,0.24673641599656548,0.023065361968078648,0.023065361968078648,0.0,0.023065361968078648,0.023065361968078648,0.023065361968078648,3
freesolv,moladt_small_descriptors,expt,moladt_full30_rbf_gp,empirical_bayes_exact_gp,kernel_hyperparameter,target_mean,full_moladt,target_mean,1,0.24673641599656548,-3.7891334488734834,3.7891334488734834,0.0,-3.7891334488734834,-3.7891334488734834,-3.7891334488734834,4
freesolv,moladt_small_descriptors,expt,moladt_full30_rbf_gp,empirical_bayes_exact_gp,kernel_hyperparameter,target_scale,full_moladt,target_scale,1,0.24673641599656548,3.7810839428508647,3.7810839428508647,0.0,3.7810839428508647,3.7810839428508647,3.7810839428508647,5
freesolv,moladt_small_descriptors,expt,moladt_full30_rbf_gp,empirical_bayes_exact_gp,kernel_hyperparameter,signal_variance,full_moladt,signal_variance,1,0.22303504099545535,1.6811422443273265,1.6811422443273265,0.0,1.6811422443273265,1.6811422443273265,1.6811422443273265,1
freesolv,moladt_small_descriptors,expt,moladt_full30_rbf_gp,empirical_bayes_exact_gp,kernel_hyperparameter,lengthscale,full_moladt,lengthscale,1,0.22303504099545535,3.6353088973261407,3.6353088973261407,0.0,3.6353088973261407,3.6353088973261407,3.6353088973261407,2
freesolv,moladt_small_descriptors,expt,moladt_full30_rbf_gp,empirical_bayes_exact_gp,kernel_hyperparameter,noise_variance,full_moladt,noise_variance,1,0.22303504099545535,0.025174250568589678,0.025174250568589678,0.0,0.025174250568589678,0.025174250568589678,0.025174250568589678,3
freesolv,moladt_small_descriptors,expt,moladt_full30_rbf_gp,empirical_bayes_exact_gp,kernel_hyperparameter,target_mean,full_moladt,target_mean,1,0.22303504099545535,-3.774991334488735,3.774991334488735,0.0,-3.774991334488735,-3.774991334488735,-3.774991334488735,4
freesolv,moladt_small_descriptors,expt,moladt_full30_rbf_gp,empirical_bayes_exact_gp,kernel_hyperparameter,target_scale,full_moladt,target_scale,1,0.22303504099545535,3.755608636483241,3.755608636483241,0.0,3.755608636483241,3.755608636483241,3.755608636483241,5
freesolv,moladt_small_descriptors,expt,moladt_full30_rbf_gp,empirical_bayes_exact_gp,kernel_hyperparameter,signal_variance,full_moladt,signal_variance,1,0.2353948340023635,1.7711532376016526,1.7711532376016526,0.0,1.7711532376016526,1.7711532376016526,1.7711532376016526,1
freesolv,moladt_small_descriptors,expt,moladt_full30_rbf_gp,empirical_bayes_exact_gp,kernel_hyperparameter,lengthscale,full_moladt,lengthscale,1,0.2353948340023635,3.735309172867637,3.735309172867637,0.0,3.735309172867637,3.735309172867637,3.735309172867637,2
freesolv,moladt_small_descriptors,expt,moladt_full30_rbf_gp,empirical_bayes_exact_gp,kernel_hyperparameter,noise_variance,full_moladt,noise_variance,1,0.2353948340023635,0.024642126467986473,0.024642126467986473,0.0,0.024642126467986473,0.024642126467986473,0.024642126467986473,3
freesolv,moladt_small_descriptors,expt,moladt_full30_rbf_gp,empirical_bayes_exact_gp,kernel_hyperparameter,target_mean,full_moladt,target_mean,1,0.2353948340023635,-3.8188041594454067,3.8188041594454067,0.0,-3.8188041594454067,-3.8188041594454067,-3.8188041594454067,4
freesolv,moladt_small_descriptors,expt,moladt_full30_rbf_gp,empirical_bayes_exact_gp,kernel_hyperparameter,target_scale,full_moladt,target_scale,1,0.2353948340023635,3.9549117992014398,3.9549117992014398,0.0,3.9549117992014398,3.9549117992014398,3.9549117992014398,5
freesolv,moladt_small_descriptors,expt,moladt_full30_rbf_gp,empirical_bayes_exact_gp,kernel_hyperparameter,signal_variance,full_moladt,signal_variance,1,0.22370337499887682,1.7523947255246914,1.7523947255246914,0.0,1.7523947255246914,1.7523947255246914,1.7523947255246914,1
freesolv,moladt_small_descriptors,expt,moladt_full30_rbf_gp,empirical_bayes_exact_gp,kernel_hyperparameter,lengthscale,full_moladt,lengthscale,1,0.22370337499887682,3.620389168106312,3.620389168106312,0.0,3.620389168106312,3.620389168106312,3.620389168106312,2
freesolv,moladt_small_descriptors,expt,moladt_full30_rbf_gp,empirical_bayes_exact_gp,kernel_hyperparameter,noise_variance,full_moladt,noise_variance,1,0.22370337499887682,0.02403853232544452,0.02403853232544452,0.0,0.02403853232544452,0.02403853232544452,0.02403853232544452,3
freesolv,moladt_small_descriptors,expt,moladt_full30_rbf_gp,empirical_bayes_exact_gp,kernel_hyperparameter,target_mean,full_moladt,target_mean,1,0.22370337499887682,-3.8090294627383017,3.8090294627383017,0.0,-3.8090294627383017,-3.8090294627383017,-3.8090294627383017,4
freesolv,moladt_small_descriptors,expt,moladt_full30_rbf_gp,empirical_bayes_exact_gp,kernel_hyperparameter,target_scale,full_moladt,target_scale,1,0.22370337499887682,3.8526536931316926,3.8526536931316926,0.0,3.8526536931316926,3.8526536931316926,3.8526536931316926,5
freesolv,moladt_small_descriptors,expt,moladt_full30_rbf_gp,empirical_bayes_exact_gp,kernel_hyperparameter,signal_variance,full_moladt,signal_variance,1,0.2391505830019014,1.9077711912238653,1.9077711912238653,0.0,1.9077711912238653,1.9077711912238653,1.9077711912238653,1
freesolv,moladt_small_descriptors,expt,moladt_full30_rbf_gp,empirical_bayes_exact_gp,kernel_hyperparameter,lengthscale,full_moladt,lengthscale,1,0.2391505830019014,3.878185252146523,3.878185252146523,0.0,3.878185252146523,3.878185252146523,3.878185252146523,2
freesolv,moladt_small_descriptors,expt,moladt_full30_rbf_gp,empirical_bayes_exact_gp,kernel_hyperparameter,noise_variance,full_moladt,noise_variance,1,0.2391505830019014,0.027016186088273064,0.027016186088273064,0.0,0.027016186088273064,0.027016186088273064,0.027016186088273064,3
freesolv,moladt_small_descriptors,expt,moladt_full30_rbf_gp,empirical_bayes_exact_gp,kernel_hyperparameter,target_mean,full_moladt,target_mean,1,0.2391505830019014,-3.786429809358752,3.786429809358752,0.0,-3.786429809358752,-3.786429809358752,-3.786429809358752,4
freesolv,moladt_small_descriptors,expt,moladt_full30_rbf_gp,empirical_bayes_exact_gp,kernel_hyperparameter,target_scale,full_moladt,target_scale,1,0.2391505830019014,3.8566618510427095,3.8566618510427095,0.0,3.8566618510427095,3.8566618510427095,3.8566618510427095,5
freesolv,moladt_small_descriptors,expt,moladt_full30_rbf_gp,empirical_bayes_exact_gp,kernel_hyperparameter,signal_variance,full_moladt,signal_variance,1,0.21210491699457634,1.863933728486195,1.863933728486195,0.0,1.863933728486195,1.863933728486195,1.863933728486195,1
freesolv,moladt_small_descriptors,expt,moladt_full30_rbf_gp,empirical_bayes_exact_gp,kernel_hyperparameter,lengthscale,full_moladt,lengthscale,1,0.21210491699457634,3.966203165372258,3.966203165372258,0.0,3.966203165372258,3.966203165372258,3.966203165372258,2
freesolv,moladt_small_descriptors,expt,moladt_full30_rbf_gp,empirical_bayes_exact_gp,kernel_hyperparameter,noise_variance,full_moladt,noise_variance,1,0.21210491699457634,0.030083994572720305,0.030083994572720305,0.0,0.030083994572720305,0.030083994572720305,0.030083994572720305,3
freesolv,moladt_small_descriptors,expt,moladt_full30_rbf_gp,empirical_bayes_exact_gp,kernel_hyperparameter,target_mean,full_moladt,target_mean,1,0.21210491699457634,-3.729168110918544,3.729168110918544,0.0,-3.729168110918544,-3.729168110918544,-3.729168110918544,4
freesolv,moladt_small_descriptors,expt,moladt_full30_rbf_gp,empirical_bayes_exact_gp,kernel_hyperparameter,target_scale,full_moladt,target_scale,1,0.21210491699457634,3.8012999237611993,3.8012999237611993,0.0,3.8012999237611993,3.8012999237611993,3.8012999237611993,5
freesolv,moladt_small_descriptors,expt,moladt_full30_rbf_gp,empirical_bayes_exact_gp,kernel_hyperparameter,signal_variance,full_moladt,signal_variance,1,0.24923308299912605,1.7157310064206661,1.7157310064206661,0.0,1.7157310064206661,1.7157310064206661,1.7157310064206661,1
freesolv,moladt_small_descriptors,expt,moladt_full30_rbf_gp,empirical_bayes_exact_gp,kernel_hyperparameter,lengthscale,full_moladt,lengthscale,1,0.24923308299912605,3.641759840986726,3.641759840986726,0.0,3.641759840986726,3.641759840986726,3.641759840986726,2
freesolv,moladt_small_descriptors,expt,moladt_full30_rbf_gp,empirical_bayes_exact_gp,kernel_hyperparameter,noise_variance,full_moladt,noise_variance,1,0.24923308299912605,0.025733552422711536,0.025733552422711536,0.0,0.025733552422711536,0.025733552422711536,0.025733552422711536,3
freesolv,moladt_small_descriptors,expt,moladt_full30_rbf_gp,empirical_bayes_exact_gp,kernel_hyperparameter,target_mean,full_moladt,target_mean,1,0.24923308299912605,-3.793466204506066,3.793466204506066,0.0,-3.793466204506066,-3.793466204506066,-3.793466204506066,4
freesolv,moladt_small_descriptors,expt,moladt_full30_rbf_gp,empirical_bayes_exact_gp,kernel_hyperparameter,target_scale,full_moladt,target_scale,1,0.24923308299912605,3.8669613029520447,3.8669613029520447,0.0,3.8669613029520447,3.8669613029520447,3.8669613029520447,5
freesolv,moladt_small_descriptors,expt,moladt_full30_rbf_gp,empirical_bayes_exact_gp,kernel_hyperparameter,signal_variance,full_moladt,signal_variance,1,0.22639291700033937,1.5925423131630705,1.5925423131630705,0.0,1.5925423131630705,1.5925423131630705,1.5925423131630705,1
freesolv,moladt_small_descriptors,expt,moladt_full30_rbf_gp,empirical_bayes_exact_gp,kernel_hyperparameter,lengthscale,full_moladt,lengthscale,1,0.22639291700033937,3.518260797448365,3.518260797448365,0.0,3.518260797448365,3.518260797448365,3.518260797448365,2
freesolv,moladt_small_descriptors,expt,moladt_full30_rbf_gp,empirical_bayes_exact_gp,kernel_hyperparameter,noise_variance,full_moladt,noise_variance,1,0.22639291700033937,0.022526757301649446,0.022526757301649446,0.0,0.022526757301649446,0.022526757301649446,0.022526757301649446,3
freesolv,moladt_small_descriptors,expt,moladt_full30_rbf_gp,empirical_bayes_exact_gp,kernel_hyperparameter,target_mean,full_moladt,target_mean,1,0.22639291700033937,-3.750433275563258,3.750433275563258,0.0,-3.750433275563258,-3.750433275563258,-3.750433275563258,4
freesolv,moladt_small_descriptors,expt,moladt_full30_rbf_gp,empirical_bayes_exact_gp,kernel_hyperparameter,target_scale,full_moladt,target_scale,1,0.22639291700033937,3.8275011853084315,3.8275011853084315,0.0,3.8275011853084315,3.8275011853084315,3.8275011853084315,5
freesolv,moladt_small_descriptors,expt,moladt_full30_rbf_gp,empirical_bayes_exact_gp,kernel_hyperparameter,signal_variance,full_moladt,signal_variance,1,0.2152430410060333,1.8980972401960259,1.8980972401960259,0.0,1.8980972401960259,1.8980972401960259,1.8980972401960259,1
freesolv,moladt_small_descriptors,expt,moladt_full30_rbf_gp,empirical_bayes_exact_gp,kernel_hyperparameter,lengthscale,full_moladt,lengthscale,1,0.2152430410060333,3.629266147792832,3.629266147792832,0.0,3.629266147792832,3.629266147792832,3.629266147792832,2
freesolv,moladt_small_descriptors,expt,moladt_full30_rbf_gp,empirical_bayes_exact_gp,kernel_hyperparameter,noise_variance,full_moladt,noise_variance,1,0.2152430410060333,0.02454564267248861,0.02454564267248861,0.0,0.02454564267248861,0.02454564267248861,0.02454564267248861,3
freesolv,moladt_small_descriptors,expt,moladt_full30_rbf_gp,empirical_bayes_exact_gp,kernel_hyperparameter,target_mean,full_moladt,target_mean,1,0.2152430410060333,-3.7911091854419414,3.7911091854419414,0.0,-3.7911091854419414,-3.7911091854419414,-3.7911091854419414,4
freesolv,moladt_small_descriptors,expt,moladt_full30_rbf_gp,empirical_bayes_exact_gp,kernel_hyperparameter,target_scale,full_moladt,target_scale,1,0.2152430410060333,3.7706734569703952,3.7706734569703952,0.0,3.7706734569703952,3.7706734569703952,3.7706734569703952,5
freesolv,moladt_small_descriptors,expt,moladt_full30_rbf_gp,empirical_bayes_exact_gp,kernel_hyperparameter,signal_variance,full_moladt,signal_variance,1,0.22374512500391575,1.608125046777828,1.608125046777828,0.0,1.608125046777828,1.608125046777828,1.608125046777828,1
freesolv,moladt_small_descriptors,expt,moladt_full30_rbf_gp,empirical_bayes_exact_gp,kernel_hyperparameter,lengthscale,full_moladt,lengthscale,1,0.22374512500391575,3.440586282025924,3.440586282025924,0.0,3.440586282025924,3.440586282025924,3.440586282025924,2
freesolv,moladt_small_descriptors,expt,moladt_full30_rbf_gp,empirical_bayes_exact_gp,kernel_hyperparameter,noise_variance,full_moladt,noise_variance,1,0.22374512500391575,0.02253247523787163,0.02253247523787163,0.0,0.02253247523787163,0.02253247523787163,0.02253247523787163,3
freesolv,moladt_small_descriptors,expt,moladt_full30_rbf_gp,empirical_bayes_exact_gp,kernel_hyperparameter,target_mean,full_moladt,target_mean,1,0.22374512500391575,-3.7432928942807626,3.7432928942807626,0.0,-3.7432928942807626,-3.7432928942807626,-3.7432928942807626,4
freesolv,moladt_small_descriptors,expt,moladt_full30_rbf_gp,empirical_bayes_exact_gp,kernel_hyperparameter,target_scale,full_moladt,target_scale,1,0.22374512500391575,3.826399256642203,3.826399256642203,0.0,3.826399256642203,3.826399256642203,3.826399256642203,5
freesolv,moladt_small_descriptors,expt,moladt_full30_rbf_gp,empirical_bayes_exact_gp,kernel_hyperparameter,signal_variance,full_moladt,signal_variance,1,0.23383704199659405,1.7296673693942177,1.7296673693942177,0.0,1.7296673693942177,1.7296673693942177,1.7296673693942177,1
freesolv,moladt_small_descriptors,expt,moladt_full30_rbf_gp,empirical_bayes_exact_gp,kernel_hyperparameter,lengthscale,full_moladt,lengthscale,1,0.23383704199659405,3.592099112440836,3.592099112440836,0.0,3.592099112440836,3.592099112440836,3.592099112440836,2
freesolv,moladt_small_descriptors,expt,moladt_full30_rbf_gp,empirical_bayes_exact_gp,kernel_hyperparameter,noise_variance,full_moladt,noise_variance,1,0.23383704199659405,0.023670763801671636,0.023670763801671636,0.0,0.023670763801671636,0.023670763801671636,0.023670763801671636,3
freesolv,moladt_small_descriptors,expt,moladt_full30_rbf_gp,empirical_bayes_exact_gp,kernel_hyperparameter,target_mean,full_moladt,target_mean,1,0.23383704199659405,-3.971646447140381,3.971646447140381,0.0,-3.971646447140381,-3.971646447140381,-3.971646447140381,4
freesolv,moladt_small_descriptors,expt,moladt_full30_rbf_gp,empirical_bayes_exact_gp,kernel_hyperparameter,target_scale,full_moladt,target_scale,1,0.23383704199659405,3.8697895221907825,3.8697895221907825,0.0,3.8697895221907825,3.8697895221907825,3.8697895221907825,5
freesolv,moladt_small_descriptors,expt,moladt_full30_rbf_gp,empirical_bayes_exact_gp,kernel_hyperparameter,signal_variance,full_moladt,signal_variance,1,0.2324665419946541,1.7182497179855007,1.7182497179855007,0.0,1.7182497179855007,1.7182497179855007,1.7182497179855007,1
freesolv,moladt_small_descriptors,expt,moladt_full30_rbf_gp,empirical_bayes_exact_gp,kernel_hyperparameter,lengthscale,full_moladt,lengthscale,1,0.2324665419946541,3.569794664471795,3.569794664471795,0.0,3.569794664471795,3.569794664471795,3.569794664471795,2
freesolv,moladt_small_descriptors,expt,moladt_full30_rbf_gp,empirical_bayes_exact_gp,kernel_hyperparameter,noise_variance,full_moladt,noise_variance,1,0.2324665419946541,0.02147773293168249,0.02147773293168249,0.0,0.02147773293168249,0.02147773293168249,0.02147773293168249,3
freesolv,moladt_small_descriptors,expt,moladt_full30_rbf_gp,empirical_bayes_exact_gp,kernel_hyperparameter,target_mean,full_moladt,target_mean,1,0.2324665419946541,-3.6801559792027727,3.6801559792027727,0.0,-3.6801559792027727,-3.6801559792027727,-3.6801559792027727,4
freesolv,moladt_small_descriptors,expt,moladt_full30_rbf_gp,empirical_bayes_exact_gp,kernel_hyperparameter,target_scale,full_moladt,target_scale,1,0.2324665419946541,3.856507180854516,3.856507180854516,0.0,3.856507180854516,3.856507180854516,3.856507180854516,5
freesolv,moladt_small_descriptors,expt,moladt_full30_rbf_gp,empirical_bayes_exact_gp,kernel_hyperparameter,signal_variance,full_moladt,signal_variance,1,0.22596274999523303,1.7526786765095694,1.7526786765095694,0.0,1.7526786765095694,1.7526786765095694,1.7526786765095694,1
freesolv,moladt_small_descriptors,expt,moladt_full30_rbf_gp,empirical_bayes_exact_gp,kernel_hyperparameter,lengthscale,full_moladt,lengthscale,1,0.22596274999523303,3.5878788592221444,3.5878788592221444,0.0,3.5878788592221444,3.5878788592221444,3.5878788592221444,2
freesolv,moladt_small_descriptors,expt,moladt_full30_rbf_gp,empirical_bayes_exact_gp,kernel_hyperparameter,noise_variance,full_moladt,noise_variance,1,0.22596274999523303,0.022626361336030267,0.022626361336030267,0.0,0.022626361336030267,0.022626361336030267,0.022626361336030267,3
freesolv,moladt_small_descriptors,expt,moladt_full30_rbf_gp,empirical_bayes_exact_gp,kernel_hyperparameter,target_mean,full_moladt,target_mean,1,0.22596274999523303,-3.7781975736568456,3.7781975736568456,0.0,-3.7781975736568456,-3.7781975736568456,-3.7781975736568456,4
freesolv,moladt_small_descriptors,expt,moladt_full30_rbf_gp,empirical_bayes_exact_gp,kernel_hyperparameter,target_scale,full_moladt,target_scale,1,0.22596274999523303,3.862400795555192,3.862400795555192,0.0,3.862400795555192,3.862400795555192,3.862400795555192,5
freesolv,moladt_small_descriptors,expt,moladt_full30_rbf_gp,empirical_bayes_exact_gp,kernel_hyperparameter,signal_variance,full_moladt,signal_variance,1,0.2284592080031871,1.711285919821329,1.711285919821329,0.0,1.711285919821329,1.711285919821329,1.711285919821329,1
freesolv,moladt_small_descriptors,expt,moladt_full30_rbf_gp,empirical_bayes_exact_gp,kernel_hyperparameter,lengthscale,full_moladt,lengthscale,1,0.2284592080031871,3.5347659047291824,3.5347659047291824,0.0,3.5347659047291824,3.5347659047291824,3.5347659047291824,2
freesolv,moladt_small_descriptors,expt,moladt_full30_rbf_gp,empirical_bayes_exact_gp,kernel_hyperparameter,noise_variance,full_moladt,noise_variance,1,0.2284592080031871,0.022220031064833546,0.022220031064833546,0.0,0.022220031064833546,0.022220031064833546,0.022220031064833546,3
freesolv,moladt_small_descriptors,expt,moladt_full30_rbf_gp,empirical_bayes_exact_gp,kernel_hyperparameter,target_mean,full_moladt,target_mean,1,0.2284592080031871,-3.8740901213171584,3.8740901213171584,0.0,-3.8740901213171584,-3.8740901213171584,-3.8740901213171584,4
freesolv,moladt_small_descriptors,expt,moladt_full30_rbf_gp,empirical_bayes_exact_gp,kernel_hyperparameter,target_scale,full_moladt,target_scale,1,0.2284592080031871,3.898384624642987,3.898384624642987,0.0,3.898384624642987,3.898384624642987,3.898384624642987,5
freesolv,moladt_small_descriptors,expt,moladt_full30_rbf_gp,empirical_bayes_exact_gp,kernel_hyperparameter,signal_variance,full_moladt,signal_variance,1,0.22314899999764748,1.7175129753072467,1.7175129753072467,0.0,1.7175129753072467,1.7175129753072467,1.7175129753072467,1
freesolv,moladt_small_descriptors,expt,moladt_full30_rbf_gp,empirical_bayes_exact_gp,kernel_hyperparameter,lengthscale,full_moladt,lengthscale,1,0.22314899999764748,3.759870178037413,3.759870178037413,0.0,3.759870178037413,3.759870178037413,3.759870178037413,2
freesolv,moladt_small_descriptors,expt,moladt_full30_rbf_gp,empirical_bayes_exact_gp,kernel_hyperparameter,noise_variance,full_moladt,noise_variance,1,0.22314899999764748,0.0256542893982964,0.0256542893982964,0.0,0.0256542893982964,0.0256542893982964,0.0256542893982964,3
freesolv,moladt_small_descriptors,expt,moladt_full30_rbf_gp,empirical_bayes_exact_gp,kernel_hyperparameter,target_mean,full_moladt,target_mean,1,0.22314899999764748,-3.8583535528596196,3.8583535528596196,0.0,-3.8583535528596196,-3.8583535528596196,-3.8583535528596196,4
freesolv,moladt_small_descriptors,expt,moladt_full30_rbf_gp,empirical_bayes_exact_gp,kernel_hyperparameter,target_scale,full_moladt,target_scale,1,0.22314899999764748,3.884866415194803,3.884866415194803,0.0,3.884866415194803,3.884866415194803,3.884866415194803,5
