dataset,representation,model,method,split,split_scheme,source_row_count,used_row_count,n_train,n_eval,feature_count,draw_count,runtime_seconds,seed,parameter_count,student_df,rmse,mae,r2,mean_log_predictive_density,coverage_90,predictive_sd_mean,selection_nll,final_nll
freesolv,moladt_small_descriptors,atom_bag10_rbf_gp,empirical_bayes_exact_gp,train,moleculenet_random_like:513/64/65;final_refit=train+valid,642,642,577,577,10,1,0.20822083299572114,0,5,,1.031258766513071,0.6981802652484322,0.9239096953510229,-1.533642913204611,0.9410745233968805,1.36960043459596,,
freesolv,moladt_small_descriptors,atom_bag10_rbf_gp,empirical_bayes_exact_gp,valid,moleculenet_random_like:513/64/65;final_refit=train+valid,642,642,513,64,10,1,0.20822083299572114,0,5,,2.209448061482028,1.360800235133501,0.7382285550537486,-1.9333113886984403,0.875,1.7525663941309801,380.81318159835223,
freesolv,moladt_small_descriptors,atom_bag10_rbf_gp,empirical_bayes_exact_gp,test,moleculenet_random_like:513/64/65;final_refit=train+valid,642,642,577,65,10,1,0.20822083299572114,0,5,,2.125631423951302,1.1915066358176758,0.7916516008660942,-1.9340173802045288,0.9230769230769231,1.758348911250435,,408.2796171162047
freesolv,moladt_small_descriptors,atom_bag10_rbf_gp,empirical_bayes_exact_gp,train,moleculenet_random_like:513/64/65;final_refit=train+valid,642,642,577,577,10,1,0.22310100000322564,1,5,,0.9711174167133872,0.6564495404115053,0.9388007238619036,-1.4943743586395015,0.9410745233968805,1.34087917116317,,
freesolv,moladt_small_descriptors,atom_bag10_rbf_gp,empirical_bayes_exact_gp,valid,moleculenet_random_like:513/64/65;final_refit=train+valid,642,642,513,64,10,1,0.22310100000322564,1,5,,2.1909036018127406,1.5662969860400244,0.7584295411383319,-1.9289503203164617,0.890625,1.9138342159039645,373.9316015462379,
freesolv,moladt_small_descriptors,atom_bag10_rbf_gp,empirical_bayes_exact_gp,test,moleculenet_random_like:513/64/65;final_refit=train+valid,642,642,577,65,10,1,0.22310100000322564,1,5,,1.1250274967723959,0.7616017015473809,0.8580058308635237,-1.6382308540030104,0.9692307692307692,1.7911551200548392,,398.4042135333482
freesolv,moladt_small_descriptors,atom_bag10_rbf_gp,empirical_bayes_exact_gp,train,moleculenet_random_like:513/64/65;final_refit=train+valid,642,642,577,577,10,1,0.2212510419994942,2,5,,0.8795028080128968,0.5972967492806399,0.9496538007432899,-1.4085721493704824,0.9428076256499134,1.2398821868556424,,
freesolv,moladt_small_descriptors,atom_bag10_rbf_gp,empirical_bayes_exact_gp,valid,moleculenet_random_like:513/64/65;final_refit=train+valid,642,642,513,64,10,1,0.2212510419994942,2,5,,2.5874448156841034,1.482126077983859,0.6152174274447464,-1.8710879689237199,0.875,1.6384917435501434,347.8469914213373,
freesolv,moladt_small_descriptors,atom_bag10_rbf_gp,empirical_bayes_exact_gp,test,moleculenet_random_like:513/64/65;final_refit=train+valid,642,642,577,65,10,1,0.2212510419994942,2,5,,1.7691271667327413,1.2281742607623458,0.674191212567302,-1.948239215571921,0.8615384615384616,1.8168788210324387,,374.2478477209562
freesolv,moladt_small_descriptors,atom_bag10_rbf_gp,empirical_bayes_exact_gp,train,moleculenet_random_like:513/64/65;final_refit=train+valid,642,642,577,577,10,1,0.2088186670007417,3,5,,0.9910346686281734,0.6700905147733401,0.9334299512458615,-1.5089573948664685,0.9358752166377816,1.3487395726303701,,
freesolv,moladt_small_descriptors,atom_bag10_rbf_gp,empirical_bayes_exact_gp,valid,moleculenet_random_like:513/64/65;final_refit=train+valid,642,642,513,64,10,1,0.2088186670007417,3,5,,1.3759639270607924,0.9706513422354653,0.8293705369040696,-1.726775324828723,0.875,1.659264631653437,367.45514423010405,
freesolv,moladt_small_descriptors,atom_bag10_rbf_gp,empirical_bayes_exact_gp,test,moleculenet_random_like:513/64/65;final_refit=train+valid,642,642,577,65,10,1,0.2088186670007417,3,5,,2.3756452581876433,1.2591582072182386,0.6216423674815477,-1.7595390243636528,0.9230769230769231,1.7600554784721107,,399.5529315815503
freesolv,moladt_small_descriptors,atom_bag10_rbf_gp,empirical_bayes_exact_gp,train,moleculenet_random_like:513/64/65;final_refit=train+valid,642,642,577,577,10,1,0.2100849999987986,4,5,,0.9725176763859622,0.6680952447429058,0.9372842887397387,-1.4869905462392414,0.92894280762565,1.3153902141458063,,
freesolv,moladt_small_descriptors,atom_bag10_rbf_gp,empirical_bayes_exact_gp,valid,moleculenet_random_like:513/64/65;final_refit=train+valid,642,642,513,64,10,1,0.2100849999987986,4,5,,2.2671803994659068,1.2806945053320526,0.7022593304367408,-1.9302131724187839,0.84375,1.5529049166444453,347.9566283447525,
freesolv,moladt_small_descriptors,atom_bag10_rbf_gp,empirical_bayes_exact_gp,test,moleculenet_random_like:513/64/65;final_refit=train+valid,642,642,577,65,10,1,0.2100849999987986,4,5,,1.6817716934407962,1.0640560699822592,0.7668061634509951,-1.9171806588447238,0.8769230769230769,1.4775157244998718,,381.2245009505897
freesolv,moladt_small_descriptors,atom_bag10_rbf_gp,empirical_bayes_exact_gp,train,moleculenet_random_like:513/64/65;final_refit=train+valid,642,642,577,577,10,1,0.22751783399871783,5,5,,0.9807560707902768,0.6650682070190044,0.9327194749715514,-1.493852869301122,0.9358752166377816,1.3234218556803587,,
freesolv,moladt_small_descriptors,atom_bag10_rbf_gp,empirical_bayes_exact_gp,valid,moleculenet_random_like:513/64/65;final_refit=train+valid,642,642,513,64,10,1,0.22751783399871783,5,5,,1.3715187061681418,0.9818926300852875,0.8348051329957349,-1.7134557144210967,0.9375,1.7839031598246724,365.3420588013025,
freesolv,moladt_small_descriptors,atom_bag10_rbf_gp,empirical_bayes_exact_gp,test,moleculenet_random_like:513/64/65;final_refit=train+valid,642,642,577,65,10,1,0.22751783399871783,5,5,,3.1533650529211954,1.7720584764776381,0.4788553115755696,-2.041657760709317,0.8307692307692308,1.8131212592061172,,393.619697102398
freesolv,moladt_small_descriptors,atom_bag10_rbf_gp,empirical_bayes_exact_gp,train,moleculenet_random_like:513/64/65;final_refit=train+valid,642,642,577,577,10,1,0.2030939589967602,6,5,,0.9256551902369301,0.625757958703726,0.9392511832870386,-1.4492733819188803,0.9376083188908145,1.2828395875151177,,
freesolv,moladt_small_descriptors,atom_bag10_rbf_gp,empirical_bayes_exact_gp,valid,moleculenet_random_like:513/64/65;final_refit=train+valid,642,642,513,64,10,1,0.2030939589967602,6,5,,2.731074846431394,1.6015688340594996,0.595039612557998,-2.0867066460036208,0.75,1.675673760591077,359.8167987737823,
freesolv,moladt_small_descriptors,atom_bag10_rbf_gp,empirical_bayes_exact_gp,test,moleculenet_random_like:513/64/65;final_refit=train+valid,642,642,577,65,10,1,0.2030939589967602,6,5,,2.649793948096311,1.4714409027885793,0.6613405618706618,-1.911946999432285,0.9076923076923077,1.7331929425243815,,399.3738344887483
freesolv,moladt_small_descriptors,atom_bag10_rbf_gp,empirical_bayes_exact_gp,train,moleculenet_random_like:513/64/65;final_refit=train+valid,642,642,577,577,10,1,0.20482204200379783,7,5,,0.9237547679116027,0.6120795065186088,0.9454443441582798,-1.4496843856984998,0.9358752166377816,1.2891322253996937,,
freesolv,moladt_small_descriptors,atom_bag10_rbf_gp,empirical_bayes_exact_gp,valid,moleculenet_random_like:513/64/65;final_refit=train+valid,642,642,513,64,10,1,0.20482204200379783,7,5,,1.4262107781727085,0.8715893119551685,0.7600372233871215,-1.5639565600648737,0.984375,1.7375440852477957,363.45043197215574,
freesolv,moladt_small_descriptors,atom_bag10_rbf_gp,empirical_bayes_exact_gp,test,moleculenet_random_like:513/64/65;final_refit=train+valid,642,642,577,65,10,1,0.20482204200379783,7,5,,1.3309920520016656,0.9969605600557753,0.7518306877115329,-1.741056793834356,0.9076923076923077,1.704829470639267,,381.7307125572146
freesolv,moladt_small_descriptors,atom_bag10_rbf_gp,empirical_bayes_exact_gp,train,moleculenet_random_like:513/64/65;final_refit=train+valid,642,642,577,577,10,1,0.1961456669960171,8,5,,0.914264380164631,0.6129630837769598,0.943685056339807,-1.4400319727743751,0.9393414211438474,1.272130705218265,,
freesolv,moladt_small_descriptors,atom_bag10_rbf_gp,empirical_bayes_exact_gp,valid,moleculenet_random_like:513/64/65;final_refit=train+valid,642,642,513,64,10,1,0.1961456669960171,8,5,,1.3854366644749903,0.9216779077095208,0.8275505583597114,-1.7879826084218928,0.875,1.420887003384626,352.05057105290973,
freesolv,moladt_small_descriptors,atom_bag10_rbf_gp,empirical_bayes_exact_gp,test,moleculenet_random_like:513/64/65;final_refit=train+valid,642,642,577,65,10,1,0.1961456669960171,8,5,,1.9977846267227983,1.2846425908542238,0.7198087081642629,-2.004429104330468,0.8461538461538461,1.5507221643486584,,385.4276655527432
freesolv,moladt_small_descriptors,atom_bag10_rbf_gp,empirical_bayes_exact_gp,train,moleculenet_random_like:513/64/65;final_refit=train+valid,642,642,577,577,10,1,0.22272391700244043,9,5,,0.975159969035066,0.6557317954445899,0.936066481505776,-1.4891664220378082,0.9341421143847487,1.321470774333271,,
freesolv,moladt_small_descriptors,atom_bag10_rbf_gp,empirical_bayes_exact_gp,valid,moleculenet_random_like:513/64/65;final_refit=train+valid,642,642,513,64,10,1,0.22272391700244043,9,5,,2.2416332149921385,1.59682537782004,0.6182168259121916,-2.1217816036729147,0.828125,1.843047273362047,344.03042364950153,
freesolv,moladt_small_descriptors,atom_bag10_rbf_gp,empirical_bayes_exact_gp,test,moleculenet_random_like:513/64/65;final_refit=train+valid,642,642,577,65,10,1,0.22272391700244043,9,5,,1.5747843634494632,1.1524243508340002,0.8222151868471704,-1.885399629251568,0.8615384615384616,1.5895698657884803,,390.373974796971
freesolv,moladt_small_descriptors,atom_bag10_rbf_gp,empirical_bayes_exact_gp,train,moleculenet_random_like:513/64/65;final_refit=train+valid,642,642,577,577,10,1,0.20747420800034888,10,5,,0.9940760875661186,0.677168304801699,0.9316127751971308,-1.5019078544907363,0.9410745233968805,1.3289265820805578,,
freesolv,moladt_small_descriptors,atom_bag10_rbf_gp,empirical_bayes_exact_gp,valid,moleculenet_random_like:513/64/65;final_refit=train+valid,642,642,513,64,10,1,0.20747420800034888,10,5,,1.4883494738808267,1.1036780475521333,0.8091186328374284,-1.8628970024617555,0.890625,1.860409986400279,354.84545794233276,
freesolv,moladt_small_descriptors,atom_bag10_rbf_gp,empirical_bayes_exact_gp,test,moleculenet_random_like:513/64/65;final_refit=train+valid,642,642,577,65,10,1,0.20747420800034888,10,5,,1.6401799237977497,1.069037050318509,0.8441253032913126,-1.9201430918313318,0.8769230769230769,1.7305196959750018,,392.8327901937461
freesolv,moladt_small_descriptors,atom_bag10_rbf_gp,empirical_bayes_exact_gp,train,moleculenet_random_like:513/64/65;final_refit=train+valid,642,642,577,577,10,1,0.21478362500056392,11,5,,0.9415220867011698,0.6346075784094353,0.940718201261904,-1.4645372050781855,0.9376083188908145,1.3011952739703505,,
freesolv,moladt_small_descriptors,atom_bag10_rbf_gp,empirical_bayes_exact_gp,valid,moleculenet_random_like:513/64/65;final_refit=train+valid,642,642,513,64,10,1,0.21478362500056392,11,5,,1.9177966818886165,1.232672134223187,0.7470295689465445,-1.9388294398361754,0.875,1.6080482496409947,350.930208880821,
freesolv,moladt_small_descriptors,atom_bag10_rbf_gp,empirical_bayes_exact_gp,test,moleculenet_random_like:513/64/65;final_refit=train+valid,642,642,577,65,10,1,0.21478362500056392,11,5,,1.9800718436176623,1.2023720828596989,0.704302452572777,-1.7987229034213135,0.8923076923076924,1.6730634672917122,,388.79276974880736
freesolv,moladt_small_descriptors,atom_bag10_rbf_gp,empirical_bayes_exact_gp,train,moleculenet_random_like:513/64/65;final_refit=train+valid,642,642,577,577,10,1,0.2037936249980703,12,5,,0.9553893979243105,0.6419104814263928,0.9376939574451987,-1.4718260710092659,0.9341421143847487,1.304068019819807,,
freesolv,moladt_small_descriptors,atom_bag10_rbf_gp,empirical_bayes_exact_gp,valid,moleculenet_random_like:513/64/65;final_refit=train+valid,642,642,513,64,10,1,0.2037936249980703,12,5,,1.8333982963183366,1.2522965894242895,0.7529670180300331,-1.8440246122853567,0.875,1.6847356614474167,357.06659240338126,
freesolv,moladt_small_descriptors,atom_bag10_rbf_gp,empirical_bayes_exact_gp,test,moleculenet_random_like:513/64/65;final_refit=train+valid,642,642,577,65,10,1,0.2037936249980703,12,5,,2.8927827222466655,1.4769685449821683,0.46767237337178424,-1.9914858252991616,0.8461538461538461,1.7494932967138872,,386.23777012300116
freesolv,moladt_small_descriptors,atom_bag10_rbf_gp,empirical_bayes_exact_gp,train,moleculenet_random_like:513/64/65;final_refit=train+valid,642,642,577,577,10,1,0.21016283399512758,13,5,,0.9392023406697882,0.6301625156057379,0.9379587577838295,-1.4656293925818988,0.9358752166377816,1.3086407496867167,,
freesolv,moladt_small_descriptors,atom_bag10_rbf_gp,empirical_bayes_exact_gp,valid,moleculenet_random_like:513/64/65;final_refit=train+valid,642,642,513,64,10,1,0.21016283399512758,13,5,,2.8673052894475877,1.5785310359199252,0.6371028897653983,-1.98103397104824,0.875,1.8380035279337148,387.9287916904401,
freesolv,moladt_small_descriptors,atom_bag10_rbf_gp,empirical_bayes_exact_gp,test,moleculenet_random_like:513/64/65;final_refit=train+valid,642,642,577,65,10,1,0.21016283399512758,13,5,,1.430094635569293,1.0052022547893193,0.8966190819380241,-1.7139643233639084,0.9538461538461539,1.758665312418038,,411.21909911961336
freesolv,moladt_small_descriptors,atom_bag10_rbf_gp,empirical_bayes_exact_gp,train,moleculenet_random_like:513/64/65;final_refit=train+valid,642,642,577,577,10,1,0.1986208330054069,14,5,,0.9136093879238826,0.6130891100051854,0.9429913784313675,-1.4420482807374069,0.9358752166377816,1.2853173616792755,,
freesolv,moladt_small_descriptors,atom_bag10_rbf_gp,empirical_bayes_exact_gp,valid,moleculenet_random_like:513/64/65;final_refit=train+valid,642,642,513,64,10,1,0.1986208330054069,14,5,,2.7030083502267206,1.4971816665847788,0.5354128353328331,-1.948412932185899,0.890625,1.555509441388406,363.3181072005861,
freesolv,moladt_small_descriptors,atom_bag10_rbf_gp,empirical_bayes_exact_gp,test,moleculenet_random_like:513/64/65;final_refit=train+valid,642,642,577,65,10,1,0.1986208330054069,14,5,,2.791713905128544,1.4996264322063075,0.5043639364008807,-1.8579215328327658,0.8769230769230769,1.7468572954359458,,395.19923023578554
freesolv,moladt_small_descriptors,atom_bag10_rbf_gp,empirical_bayes_exact_gp,train,moleculenet_random_like:513/64/65;final_refit=train+valid,642,642,577,577,10,1,0.21329987500212155,15,5,,0.9728733004522118,0.658051651326544,0.9367969726796861,-1.4946947707849834,0.9428076256499134,1.3377645793215673,,
freesolv,moladt_small_descriptors,atom_bag10_rbf_gp,empirical_bayes_exact_gp,valid,moleculenet_random_like:513/64/65;final_refit=train+valid,642,642,513,64,10,1,0.21329987500212155,15,5,,1.426770074202767,1.058969931995277,0.8373185813701018,-1.7970616370995969,0.859375,1.50179542267406,369.4433805636728,
freesolv,moladt_small_descriptors,atom_bag10_rbf_gp,empirical_bayes_exact_gp,test,moleculenet_random_like:513/64/65;final_refit=train+valid,642,642,577,65,10,1,0.21329987500212155,15,5,,1.6315736857312135,1.0838909347985577,0.7483749420961401,-1.7361527568369002,0.9230769230769231,1.8436549943457583,,402.03542736201854
freesolv,moladt_small_descriptors,atom_bag10_rbf_gp,empirical_bayes_exact_gp,train,moleculenet_random_like:513/64/65;final_refit=train+valid,642,642,577,577,10,1,0.20050366700161248,16,5,,0.9781007572783196,0.6731677184581537,0.9356751323097404,-1.4803349741055396,0.9376083188908145,1.2876732008171312,,
freesolv,moladt_small_descriptors,atom_bag10_rbf_gp,empirical_bayes_exact_gp,valid,moleculenet_random_like:513/64/65;final_refit=train+valid,642,642,513,64,10,1,0.20050366700161248,16,5,,1.7956282213022294,1.0910890708956202,0.7122608179233196,-1.7771750976198546,0.921875,1.6113678033830694,326.48252826770243,
freesolv,moladt_small_descriptors,atom_bag10_rbf_gp,empirical_bayes_exact_gp,test,moleculenet_random_like:513/64/65;final_refit=train+valid,642,642,577,65,10,1,0.20050366700161248,16,5,,2.3746322479742523,1.490069850804889,0.5546118008579439,-2.4780651858299003,0.8153846153846154,1.6846699490076036,,360.8318967854671
freesolv,moladt_small_descriptors,atom_bag10_rbf_gp,empirical_bayes_exact_gp,train,moleculenet_random_like:513/64/65;final_refit=train+valid,642,642,577,577,10,1,0.22583679100353038,17,5,,0.8965992744233648,0.5977030807113664,0.9461132377100286,-1.4255554972210258,0.9393414211438474,1.2679718123582753,,
freesolv,moladt_small_descriptors,atom_bag10_rbf_gp,empirical_bayes_exact_gp,valid,moleculenet_random_like:513/64/65;final_refit=train+valid,642,642,513,64,10,1,0.22583679100353038,17,5,,2.2467386997288803,1.3635735483656135,0.5959878063887452,-1.9346211960556539,0.84375,1.7710100735062095,345.9765901975581,
freesolv,moladt_small_descriptors,atom_bag10_rbf_gp,empirical_bayes_exact_gp,test,moleculenet_random_like:513/64/65;final_refit=train+valid,642,642,577,65,10,1,0.22583679100353038,17,5,,1.8236214669957862,1.1902271435081546,0.7541336974493293,-1.8222142730453277,0.8307692307692308,1.6073489697238388,,391.0710707611422
freesolv,moladt_small_descriptors,atom_bag10_rbf_gp,empirical_bayes_exact_gp,train,moleculenet_random_like:513/64/65;final_refit=train+valid,642,642,577,577,10,1,0.20598433300619945,18,5,,0.9244527757644321,0.6283172454786569,0.94376585575045,-1.4511750807607078,0.9410745233968805,1.2904911954936362,,
freesolv,moladt_small_descriptors,atom_bag10_rbf_gp,empirical_bayes_exact_gp,valid,moleculenet_random_like:513/64/65;final_refit=train+valid,642,642,513,64,10,1,0.20598433300619945,18,5,,2.4689616275597595,1.359622421180362,0.7006676448965625,-1.9809883881510812,0.890625,1.7431165590422557,360.93534506310385,
freesolv,moladt_small_descriptors,atom_bag10_rbf_gp,empirical_bayes_exact_gp,test,moleculenet_random_like:513/64/65;final_refit=train+valid,642,642,577,65,10,1,0.20598433300619945,18,5,,1.4025445645855599,0.9128547635840196,0.8154310672449911,-1.7968538380937356,0.8923076923076924,1.5995625291422717,,387.39371866022907
freesolv,moladt_small_descriptors,atom_bag10_rbf_gp,empirical_bayes_exact_gp,train,moleculenet_random_like:513/64/65;final_refit=train+valid,642,642,577,577,10,1,0.21668524999404326,19,5,,0.9562329660528706,0.6491223045261095,0.9394135865468483,-1.482185149138857,0.9393414211438474,1.3247471871295102,,
freesolv,moladt_small_descriptors,atom_bag10_rbf_gp,empirical_bayes_exact_gp,valid,moleculenet_random_like:513/64/65;final_refit=train+valid,642,642,513,64,10,1,0.21668524999404326,19,5,,1.426367170215936,1.027179651437931,0.7967902071088107,-1.7466128580415585,0.9375,1.6620039113203973,365.49890415241526,
freesolv,moladt_small_descriptors,atom_bag10_rbf_gp,empirical_bayes_exact_gp,test,moleculenet_random_like:513/64/65;final_refit=train+valid,642,642,577,65,10,1,0.21668524999404326,19,5,,1.6617837440373044,0.9856028152699491,0.7653043108681638,-1.6638245773580669,0.9076923076923077,1.5321801594131237,,396.6743710849362
freesolv,moladt_small_descriptors,adjacency_graph20_rbf_gp,empirical_bayes_exact_gp,train,moleculenet_random_like:513/64/65;final_refit=train+valid,642,642,577,577,20,1,0.22531416699348483,0,5,,0.887216127375496,0.5940004505511075,0.9436812676028884,-1.4421933263602207,0.951473136915078,1.3078540234791411,,
freesolv,moladt_small_descriptors,adjacency_graph20_rbf_gp,empirical_bayes_exact_gp,valid,moleculenet_random_like:513/64/65;final_refit=train+valid,642,642,513,64,20,1,0.22531416699348483,0,5,,1.829079107200402,1.1908299292180669,0.8206011500839501,-1.7995064926555249,0.921875,1.8355859713682454,416.25933062623596,
freesolv,moladt_small_descriptors,adjacency_graph20_rbf_gp,empirical_bayes_exact_gp,test,moleculenet_random_like:513/64/65;final_refit=train+valid,642,642,577,65,20,1,0.22531416699348483,0,5,,2.365578901333271,1.2974533300175273,0.7419587598767444,-1.9425932805200938,0.9230769230769231,1.8219152655542672,,433.9654762752472
freesolv,moladt_small_descriptors,adjacency_graph20_rbf_gp,empirical_bayes_exact_gp,train,moleculenet_random_like:513/64/65;final_refit=train+valid,642,642,577,577,20,1,0.20538162500452017,1,5,,0.9801986671368245,0.6801838095678924,0.937650781493885,-1.5229387601107673,0.951473136915078,1.3956929129709759,,
freesolv,moladt_small_descriptors,adjacency_graph20_rbf_gp,empirical_bayes_exact_gp,valid,moleculenet_random_like:513/64/65;final_refit=train+valid,642,642,513,64,20,1,0.20538162500452017,1,5,,1.9678298948195085,1.4923101857728702,0.8051177013353389,-2.0954537725376947,0.796875,1.8680222222568292,389.0741914660611,
freesolv,moladt_small_descriptors,adjacency_graph20_rbf_gp,empirical_bayes_exact_gp,test,moleculenet_random_like:513/64/65;final_refit=train+valid,642,642,577,65,20,1,0.20538162500452017,1,5,,1.2317525053345817,0.8390754538594318,0.8297876196884875,-1.7272294075913601,0.9692307692307692,1.9062057328484374,,424.3693940847556
freesolv,moladt_small_descriptors,adjacency_graph20_rbf_gp,empirical_bayes_exact_gp,train,moleculenet_random_like:513/64/65;final_refit=train+valid,642,642,577,577,20,1,0.2284792499995092,2,5,,0.8815757933501485,0.5925113710333028,0.9494161893834197,-1.435291440297836,0.9584055459272097,1.2996230810382514,,
freesolv,moladt_small_descriptors,adjacency_graph20_rbf_gp,empirical_bayes_exact_gp,valid,moleculenet_random_like:513/64/65;final_refit=train+valid,642,642,513,64,20,1,0.2284792499995092,2,5,,1.708612105272791,1.09462049642784,0.83221228499934,-1.7489304643501098,0.921875,1.7607745219860749,390.9232155462891,
freesolv,moladt_small_descriptors,adjacency_graph20_rbf_gp,empirical_bayes_exact_gp,test,moleculenet_random_like:513/64/65;final_refit=train+valid,642,642,577,65,20,1,0.2284792499995092,2,5,,1.513479376835751,1.14363402177081,0.7615497921251044,-1.9194152827860649,0.8461538461538461,1.8401239093675559,,408.74190057954905
freesolv,moladt_small_descriptors,adjacency_graph20_rbf_gp,empirical_bayes_exact_gp,train,moleculenet_random_like:513/64/65;final_refit=train+valid,642,642,577,577,20,1,0.21059141700243345,3,5,,0.9733530853988018,0.6677939284369048,0.9357841848150215,-1.5185735878130213,0.9549393414211439,1.3930304198455346,,
freesolv,moladt_small_descriptors,adjacency_graph20_rbf_gp,empirical_bayes_exact_gp,valid,moleculenet_random_like:513/64/65;final_refit=train+valid,642,642,513,64,20,1,0.21059141700243345,3,5,,1.3392118860877171,1.020864348232967,0.8383638423888468,-1.790781224000792,0.90625,1.700674769967018,396.21705548266027,
freesolv,moladt_small_descriptors,adjacency_graph20_rbf_gp,empirical_bayes_exact_gp,test,moleculenet_random_like:513/64/65;final_refit=train+valid,642,642,577,65,20,1,0.21059141700243345,3,5,,2.322117886666482,1.1902410979599936,0.6385003792509457,-1.7807738586521005,0.9384615384615385,1.8642021255758994,,431.1876425888577
freesolv,moladt_small_descriptors,adjacency_graph20_rbf_gp,empirical_bayes_exact_gp,train,moleculenet_random_like:513/64/65;final_refit=train+valid,642,642,577,577,20,1,0.19515495800442295,4,5,,0.937285614396454,0.6461956830991741,0.9417460676176701,-1.478297942977664,0.9462738301559792,1.3353445294461528,,
freesolv,moladt_small_descriptors,adjacency_graph20_rbf_gp,empirical_bayes_exact_gp,valid,moleculenet_random_like:513/64/65;final_refit=train+valid,642,642,513,64,20,1,0.19515495800442295,4,5,,2.169640162192969,1.354514259668198,0.7273274453404364,-1.9809355660075234,0.8125,1.6125440380666782,371.25162882470687,
freesolv,moladt_small_descriptors,adjacency_graph20_rbf_gp,empirical_bayes_exact_gp,test,moleculenet_random_like:513/64/65;final_refit=train+valid,642,642,577,65,20,1,0.19515495800442295,4,5,,1.5861533285323457,1.053406729973616,0.7925691607108571,-1.944677104658986,0.9076923076923077,1.5363290321090184,,409.3875409413387
freesolv,moladt_small_descriptors,adjacency_graph20_rbf_gp,empirical_bayes_exact_gp,train,moleculenet_random_like:513/64/65;final_refit=train+valid,642,642,577,577,20,1,0.21005041700118454,5,5,,0.908372217971508,0.6096733968968029,0.9422841563884526,-1.4612417856357915,0.9549393414211439,1.3298011521915538,,
freesolv,moladt_small_descriptors,adjacency_graph20_rbf_gp,empirical_bayes_exact_gp,valid,moleculenet_random_like:513/64/65;final_refit=train+valid,642,642,513,64,20,1,0.21005041700118454,5,5,,1.6043957743038915,1.0270533392377792,0.7739439696663549,-1.7517600012245915,0.90625,1.8003769247134969,399.0531446843136,
freesolv,moladt_small_descriptors,adjacency_graph20_rbf_gp,empirical_bayes_exact_gp,test,moleculenet_random_like:513/64/65;final_refit=train+valid,642,642,577,65,20,1,0.21005041700118454,5,5,,2.4691950677353987,1.509926529809639,0.6804633948629972,-1.9420972203918163,0.8615384615384616,1.8231225245332003,,430.42560782337375
freesolv,moladt_small_descriptors,adjacency_graph20_rbf_gp,empirical_bayes_exact_gp,train,moleculenet_random_like:513/64/65;final_refit=train+valid,642,642,577,577,20,1,0.22420749999582767,6,5,,0.9121527848594574,0.6194174641240536,0.9410105266868993,-1.4625308513524493,0.9549393414211439,1.3269410141442126,,
freesolv,moladt_small_descriptors,adjacency_graph20_rbf_gp,empirical_bayes_exact_gp,valid,moleculenet_random_like:513/64/65;final_refit=train+valid,642,642,513,64,20,1,0.22420749999582767,6,5,,2.110412826647668,1.4675504258148293,0.7581867054142531,-2.040576526603335,0.796875,1.815370161256598,396.61626983246566,
freesolv,moladt_small_descriptors,adjacency_graph20_rbf_gp,empirical_bayes_exact_gp,test,moleculenet_random_like:513/64/65;final_refit=train+valid,642,642,577,65,20,1,0.22420749999582767,6,5,,2.5868090107059287,1.411441549135907,0.6772489187275332,-1.9116435684383546,0.8769230769230769,1.8659451917403318,,428.58752558459554
freesolv,moladt_small_descriptors,adjacency_graph20_rbf_gp,empirical_bayes_exact_gp,train,moleculenet_random_like:513/64/65;final_refit=train+valid,642,642,577,577,20,1,0.19816916599666,7,5,,0.9489121938454333,0.6397152999433899,0.9424323567887506,-1.4954109993872513,0.9549393414211439,1.3648467907104331,,
freesolv,moladt_small_descriptors,adjacency_graph20_rbf_gp,empirical_bayes_exact_gp,valid,moleculenet_random_like:513/64/65;final_refit=train+valid,642,642,513,64,20,1,0.19816916599666,7,5,,1.086383187683844,0.8316430622537153,0.8607668905217244,-1.6370700158403677,0.96875,1.8163699823580026,390.33723418994083,
freesolv,moladt_small_descriptors,adjacency_graph20_rbf_gp,empirical_bayes_exact_gp,test,moleculenet_random_like:513/64/65;final_refit=train+valid,642,642,577,65,20,1,0.19816916599666,7,5,,1.2505278270731788,0.9657643953954831,0.7809295131349627,-1.7255773507816545,0.9384615384615385,1.7597349659395334,,415.0333795678135
freesolv,moladt_small_descriptors,adjacency_graph20_rbf_gp,empirical_bayes_exact_gp,train,moleculenet_random_like:513/64/65;final_refit=train+valid,642,642,577,577,20,1,0.2038982500016573,8,5,,0.9006564794738358,0.6053407374032104,0.9453489626833123,-1.4582468970979512,0.9549393414211439,1.33172415135341,,
freesolv,moladt_small_descriptors,adjacency_graph20_rbf_gp,empirical_bayes_exact_gp,valid,moleculenet_random_like:513/64/65;final_refit=train+valid,642,642,513,64,20,1,0.2038982500016573,8,5,,1.4330003111498204,0.9688881597383618,0.8155065260683594,-1.8432180462455194,0.890625,1.5482969821762071,395.49033995529413,
freesolv,moladt_small_descriptors,adjacency_graph20_rbf_gp,empirical_bayes_exact_gp,test,moleculenet_random_like:513/64/65;final_refit=train+valid,642,642,577,65,20,1,0.2038982500016573,8,5,,1.1989759415930377,0.851782297802597,0.8990797686715175,-1.6906538150612025,0.9230769230769231,1.6235746630783636,,431.2993296935135
freesolv,moladt_small_descriptors,adjacency_graph20_rbf_gp,empirical_bayes_exact_gp,train,moleculenet_random_like:513/64/65;final_refit=train+valid,642,642,577,577,20,1,0.21264441600214923,9,5,,0.9714953742664959,0.6682490820967183,0.9365460955586055,-1.5086018129471814,0.9566724436741768,1.369823325409948,,
freesolv,moladt_small_descriptors,adjacency_graph20_rbf_gp,empirical_bayes_exact_gp,valid,moleculenet_random_like:513/64/65;final_refit=train+valid,642,642,513,64,20,1,0.21264441600214923,9,5,,2.1067422449744453,1.4909439602143038,0.6627822036572345,-2.083003073096076,0.90625,1.9755237232155731,372.23261243832746,
freesolv,moladt_small_descriptors,adjacency_graph20_rbf_gp,empirical_bayes_exact_gp,test,moleculenet_random_like:513/64/65;final_refit=train+valid,642,642,577,65,20,1,0.21264441600214923,9,5,,1.5768948082562353,1.21032018778151,0.8217383514663055,-1.9534587816387112,0.8461538461538461,1.64804225818881,,419.2053623857242
freesolv,moladt_small_descriptors,adjacency_graph20_rbf_gp,empirical_bayes_exact_gp,train,moleculenet_random_like:513/64/65;final_refit=train+valid,642,642,577,577,20,1,0.21345704199484317,10,5,,0.9699268172486464,0.6645648951792652,0.9348951023450393,-1.5072367501216828,0.9549393414211439,1.368374309999649,,
freesolv,moladt_small_descriptors,adjacency_graph20_rbf_gp,empirical_bayes_exact_gp,valid,moleculenet_random_like:513/64/65;final_refit=train+valid,642,642,513,64,20,1,0.21345704199484317,10,5,,1.4494750778422172,1.0924585126856594,0.8189597230076774,-1.8566759149752095,0.890625,1.9479315042718162,391.49126443284956,
freesolv,moladt_small_descriptors,adjacency_graph20_rbf_gp,empirical_bayes_exact_gp,test,moleculenet_random_like:513/64/65;final_refit=train+valid,642,642,577,65,20,1,0.21345704199484317,10,5,,1.4809789299794285,1.0964283716775836,0.8729161399430467,-1.860725332468831,0.8615384615384616,1.7951745550880602,,427.3689991492557
freesolv,moladt_small_descriptors,adjacency_graph20_rbf_gp,empirical_bayes_exact_gp,train,moleculenet_random_like:513/64/65;final_refit=train+valid,642,642,577,577,20,1,0.20438400000421098,11,5,,0.9574530016121942,0.6445873062153402,0.9386950873646858,-1.5020505002736682,0.9532062391681109,1.3714341870230284,,
freesolv,moladt_small_descriptors,adjacency_graph20_rbf_gp,empirical_bayes_exact_gp,valid,moleculenet_random_like:513/64/65;final_refit=train+valid,642,642,513,64,20,1,0.20438400000421098,11,5,,1.853075423576927,1.2684816212740446,0.7638158074803052,-1.8878872608998447,0.921875,1.7730347692563193,389.16077776259596,
freesolv,moladt_small_descriptors,adjacency_graph20_rbf_gp,empirical_bayes_exact_gp,test,moleculenet_random_like:513/64/65;final_refit=train+valid,642,642,577,65,20,1,0.20438400000421098,11,5,,1.5446406721654367,1.1051791756817217,0.820054596212237,-1.7679080531677207,0.9076923076923077,1.6795936247975816,,422.65855882338434
freesolv,moladt_small_descriptors,adjacency_graph20_rbf_gp,empirical_bayes_exact_gp,train,moleculenet_random_like:513/64/65;final_refit=train+valid,642,642,577,577,20,1,0.22284025000408292,12,5,,0.882767437813395,0.5894571218792761,0.9468060865103705,-1.4360886695055874,0.9549393414211439,1.2988883474510224,,
freesolv,moladt_small_descriptors,adjacency_graph20_rbf_gp,empirical_bayes_exact_gp,valid,moleculenet_random_like:513/64/65;final_refit=train+valid,642,642,513,64,20,1,0.22284025000408292,12,5,,1.411080579950378,1.115905710815554,0.8536661079311902,-1.8135804187258429,0.90625,1.7826930737779714,385.3332890720516,
freesolv,moladt_small_descriptors,adjacency_graph20_rbf_gp,empirical_bayes_exact_gp,test,moleculenet_random_like:513/64/65;final_refit=train+valid,642,642,577,65,20,1,0.22284025000408292,12,5,,2.8482758613702073,1.5510307826168948,0.48392660029229884,-2.092602086051074,0.8,1.7498531323734297,,411.8256304317774
freesolv,moladt_small_descriptors,adjacency_graph20_rbf_gp,empirical_bayes_exact_gp,train,moleculenet_random_like:513/64/65;final_refit=train+valid,642,642,577,577,20,1,0.2022872909947182,13,5,,0.934737057181785,0.6298319038910966,0.9385472852427232,-1.4800135750009935,0.9532062391681109,1.3378538168431482,,
freesolv,moladt_small_descriptors,adjacency_graph20_rbf_gp,empirical_bayes_exact_gp,valid,moleculenet_random_like:513/64/65;final_refit=train+valid,642,642,513,64,20,1,0.2022872909947182,13,5,,2.418131837582746,1.280519809806413,0.7418954929260295,-1.9203366563394213,0.859375,1.8984254394305293,411.40498369890236,
freesolv,moladt_small_descriptors,adjacency_graph20_rbf_gp,empirical_bayes_exact_gp,test,moleculenet_random_like:513/64/65;final_refit=train+valid,642,642,577,65,20,1,0.2022872909947182,13,5,,1.7264562452281549,1.1628350525120723,0.8493316674963668,-1.9377713915494708,0.8615384615384616,1.7713094517171692,,430.2191376286201
freesolv,moladt_small_descriptors,adjacency_graph20_rbf_gp,empirical_bayes_exact_gp,train,moleculenet_random_like:513/64/65;final_refit=train+valid,642,642,577,577,20,1,0.2048643749949406,14,5,,0.8948564299220513,0.603762789410051,0.9453077035592913,-1.4510008849725342,0.9584055459272097,1.3244538794063188,,
freesolv,moladt_small_descriptors,adjacency_graph20_rbf_gp,empirical_bayes_exact_gp,valid,moleculenet_random_like:513/64/65;final_refit=train+valid,642,642,513,64,20,1,0.2048643749949406,14,5,,2.4765103831888466,1.3102004054708378,0.6100106575478087,-1.8975159289751702,0.875,1.6720470610859577,399.8760103609064,
freesolv,moladt_small_descriptors,adjacency_graph20_rbf_gp,empirical_bayes_exact_gp,test,moleculenet_random_like:513/64/65;final_refit=train+valid,642,642,577,65,20,1,0.2048643749949406,14,5,,2.0601148961480007,1.2672046268810746,0.7300993288909396,-1.8531582718331547,0.8923076923076924,1.8597651051873214,,427.5717607896238
freesolv,moladt_small_descriptors,adjacency_graph20_rbf_gp,empirical_bayes_exact_gp,train,moleculenet_random_like:513/64/65;final_refit=train+valid,642,642,577,577,20,1,0.2107571669985191,15,5,,0.9146144177605097,0.6210465015395172,0.9441399400258851,-1.4716402512082403,0.9549393414211439,1.344442855113392,,
freesolv,moladt_small_descriptors,adjacency_graph20_rbf_gp,empirical_bayes_exact_gp,valid,moleculenet_random_like:513/64/65;final_refit=train+valid,642,642,513,64,20,1,0.2107571669985191,15,5,,1.3876996489248008,1.073511617757698,0.8461062705429058,-1.7973744253105846,0.890625,1.5583818409880275,395.3702769649861,
freesolv,moladt_small_descriptors,adjacency_graph20_rbf_gp,empirical_bayes_exact_gp,test,moleculenet_random_like:513/64/65;final_refit=train+valid,642,642,577,65,20,1,0.2107571669985191,15,5,,1.4631463256300086,1.003111348460903,0.7976440283630023,-1.7911475789731395,0.9076923076923077,1.8596923748204934,,427.25027435560804
freesolv,moladt_small_descriptors,adjacency_graph20_rbf_gp,empirical_bayes_exact_gp,train,moleculenet_random_like:513/64/65;final_refit=train+valid,642,642,577,577,20,1,0.22146758400049293,16,5,,0.8074602565489956,0.5445310642922019,0.9561616679246296,-1.3547930693356989,0.9480069324090121,1.2047006431300955,,
freesolv,moladt_small_descriptors,adjacency_graph20_rbf_gp,empirical_bayes_exact_gp,valid,moleculenet_random_like:513/64/65;final_refit=train+valid,642,642,513,64,20,1,0.22146758400049293,16,5,,1.5603001271973933,1.019252142073979,0.7827386630758953,-1.6643630939526788,0.9375,1.6940813900617746,359.61238915165865,
freesolv,moladt_small_descriptors,adjacency_graph20_rbf_gp,empirical_bayes_exact_gp,test,moleculenet_random_like:513/64/65;final_refit=train+valid,642,642,577,65,20,1,0.22146758400049293,16,5,,2.236986324497485,1.6040261042398325,0.6047493056747598,-2.5449653086472956,0.7692307692307693,1.7082727553045025,,387.243319167818
freesolv,moladt_small_descriptors,adjacency_graph20_rbf_gp,empirical_bayes_exact_gp,train,moleculenet_random_like:513/64/65;final_refit=train+valid,642,642,577,577,20,1,0.2155691250009113,17,5,,0.855835234260143,0.5743724930082237,0.9509017911857222,-1.4143904856950695,0.9566724436741768,1.2838563030928911,,
freesolv,moladt_small_descriptors,adjacency_graph20_rbf_gp,empirical_bayes_exact_gp,valid,moleculenet_random_like:513/64/65;final_refit=train+valid,642,642,513,64,20,1,0.2155691250009113,17,5,,1.6023041941104863,1.0349238804976975,0.7945153997835235,-1.7898352722842943,0.90625,1.8553447596306465,383.36455749281953,
freesolv,moladt_small_descriptors,adjacency_graph20_rbf_gp,empirical_bayes_exact_gp,test,moleculenet_random_like:513/64/65;final_refit=train+valid,642,642,577,65,20,1,0.2155691250009113,17,5,,1.400284295675491,1.047962149446002,0.8550353689021439,-1.8885324105110972,0.9076923076923077,1.6856763981099026,,418.25462678879205
freesolv,moladt_small_descriptors,adjacency_graph20_rbf_gp,empirical_bayes_exact_gp,train,moleculenet_random_like:513/64/65;final_refit=train+valid,642,642,577,577,20,1,0.21307812500162981,18,5,,0.8983946422662147,0.6066106230576481,0.9468913899197373,-1.4550428653362593,0.9566724436741768,1.3245382760453477,,
freesolv,moladt_small_descriptors,adjacency_graph20_rbf_gp,empirical_bayes_exact_gp,valid,moleculenet_random_like:513/64/65;final_refit=train+valid,642,642,513,64,20,1,0.21307812500162981,18,5,,2.071951357508505,1.3318669568614996,0.789193453743394,-1.9785472909535964,0.890625,1.78750720026863,394.1169279209442,
freesolv,moladt_small_descriptors,adjacency_graph20_rbf_gp,empirical_bayes_exact_gp,test,moleculenet_random_like:513/64/65;final_refit=train+valid,642,642,577,65,20,1,0.21307812500162981,18,5,,1.3794191525766883,0.9438623342887227,0.8214673031262794,-1.8108676159708808,0.8923076923076924,1.7643030323271818,,418.3856411136455
freesolv,moladt_small_descriptors,adjacency_graph20_rbf_gp,empirical_bayes_exact_gp,train,moleculenet_random_like:513/64/65;final_refit=train+valid,642,642,577,577,20,1,0.20503641699906439,19,5,,0.9718830599397743,0.6696277394039419,0.9374141946294375,-1.5154975364659689,0.949740034662045,1.3797551672283421,,
freesolv,moladt_small_descriptors,adjacency_graph20_rbf_gp,empirical_bayes_exact_gp,valid,moleculenet_random_like:513/64/65;final_refit=train+valid,642,642,513,64,20,1,0.20503641699906439,19,5,,1.3853005244078371,1.0873693644970195,0.8083230184556928,-1.7855461729179525,0.9375,1.739159430485081,390.43648120187805,
freesolv,moladt_small_descriptors,adjacency_graph20_rbf_gp,empirical_bayes_exact_gp,test,moleculenet_random_like:513/64/65;final_refit=train+valid,642,642,577,65,20,1,0.20503641699906439,19,5,,1.5758036236288422,1.0057280999677631,0.788962181132789,-1.7487893530048404,0.9076923076923077,1.6286309267190004,,423.1119451445481
freesolv,moladt_small_descriptors,moladt_full30_rbf_gp,empirical_bayes_exact_gp,train,moleculenet_random_like:513/64/65;final_refit=train+valid,642,642,577,577,30,1,0.22047379199648276,0,5,,0.44006238227896444,0.2956844478010354,0.9861444902893585,-0.7841656052125955,0.9809358752166378,0.7121782420827427,,
freesolv,moladt_small_descriptors,moladt_full30_rbf_gp,empirical_bayes_exact_gp,valid,moleculenet_random_like:513/64/65;final_refit=train+valid,642,642,513,64,30,1,0.22047379199648276,0,5,,1.5744344844206704,0.9395135342010053,0.8670758587064192,-1.4140735839853695,0.90625,1.166333358775293,185.90641636129754,
freesolv,moladt_small_descriptors,moladt_full30_rbf_gp,empirical_bayes_exact_gp,test,moleculenet_random_like:513/64/65;final_refit=train+valid,642,642,577,65,30,1,0.22047379199648276,0,5,,2.219703511005359,0.9317121898639533,0.7728021683106522,-1.539984981286038,0.8923076923076924,1.1975741544180547,,180.25557282947887
freesolv,moladt_small_descriptors,moladt_full30_rbf_gp,empirical_bayes_exact_gp,train,moleculenet_random_like:513/64/65;final_refit=train+valid,642,642,577,577,30,1,0.22341070800030138,1,5,,0.4983718167919058,0.3340701723963988,0.9838820520642867,-0.8864545352176866,0.975736568457539,0.7763363414453511,,
freesolv,moladt_small_descriptors,moladt_full30_rbf_gp,empirical_bayes_exact_gp,valid,moleculenet_random_like:513/64/65;final_refit=train+valid,642,642,513,64,30,1,0.22341070800030138,1,5,,1.188810964361188,0.8502513262346323,0.9288749000981557,-1.5786210297571337,0.890625,1.2709756173661186,171.2985688855229,
freesolv,moladt_small_descriptors,moladt_full30_rbf_gp,empirical_bayes_exact_gp,test,moleculenet_random_like:513/64/65;final_refit=train+valid,642,642,577,65,30,1,0.22341070800030138,1,5,,1.175258408236488,0.7149643039001745,0.8450430818115995,-1.3153201964191237,0.9384615384615385,1.2268402158241045,,172.14096626562025
freesolv,moladt_small_descriptors,moladt_full30_rbf_gp,empirical_bayes_exact_gp,train,moleculenet_random_like:513/64/65;final_refit=train+valid,642,642,577,577,30,1,0.22013604100357043,2,5,,0.42910625115156886,0.2801932304748831,0.9880154450183188,-0.7630073366927168,0.9809358752166378,0.6988360227458648,,
freesolv,moladt_small_descriptors,moladt_full30_rbf_gp,empirical_bayes_exact_gp,valid,moleculenet_random_like:513/64/65;final_refit=train+valid,642,642,513,64,30,1,0.22013604100357043,2,5,,1.2799283899166687,0.7580556947955922,0.9058447488407851,-1.2157600927473933,0.96875,1.1092815768411601,171.1691188927477,
freesolv,moladt_small_descriptors,moladt_full30_rbf_gp,empirical_bayes_exact_gp,test,moleculenet_random_like:513/64/65;final_refit=train+valid,642,642,577,65,30,1,0.22013604100357043,2,5,,1.0765547168937906,0.7603338189778766,0.8793528945949014,-1.5655234970671232,0.9230769230769231,1.185631119959001,,154.34185315539145
freesolv,moladt_small_descriptors,moladt_full30_rbf_gp,empirical_bayes_exact_gp,train,moleculenet_random_like:513/64/65;final_refit=train+valid,642,642,577,577,30,1,0.22263141599978553,3,5,,0.4722562826306603,0.31596680489449325,0.9848833113308881,-0.8398177787774745,0.9722703639514731,0.7452909627442705,,
freesolv,moladt_small_descriptors,moladt_full30_rbf_gp,empirical_bayes_exact_gp,valid,moleculenet_random_like:513/64/65;final_refit=train+valid,642,642,513,64,30,1,0.22263141599978553,3,5,,0.9763986549775844,0.6498761143204554,0.9140799991884763,-1.2263654123316416,0.9375,1.014351237633829,167.62769147640438,
freesolv,moladt_small_descriptors,moladt_full30_rbf_gp,empirical_bayes_exact_gp,test,moleculenet_random_like:513/64/65;final_refit=train+valid,642,642,577,65,30,1,0.22263141599978553,3,5,,1.8005923225342562,0.8772492671414859,0.7826447640027729,-1.498888664897089,0.9076923076923077,1.190432357546313,,168.30325671331417
freesolv,moladt_small_descriptors,moladt_full30_rbf_gp,empirical_bayes_exact_gp,train,moleculenet_random_like:513/64/65;final_refit=train+valid,642,642,577,577,30,1,0.2318778749977355,4,5,,0.4963269763037244,0.32634209280456505,0.9836650764755659,-0.8883661687895227,0.9740034662045061,0.7812249945359723,,
freesolv,moladt_small_descriptors,moladt_full30_rbf_gp,empirical_bayes_exact_gp,valid,moleculenet_random_like:513/64/65;final_refit=train+valid,642,642,513,64,30,1,0.2318778749977355,4,5,,1.2773803646241029,0.8013721459720156,0.9054837513330055,-1.4570425990924276,0.9375,1.1144186030076206,181.70702281982773,
freesolv,moladt_small_descriptors,moladt_full30_rbf_gp,empirical_bayes_exact_gp,test,moleculenet_random_like:513/64/65;final_refit=train+valid,642,642,577,65,30,1,0.2318778749977355,4,5,,0.6570633427643306,0.4636363786400433,0.9644043057020287,-1.053212906917595,0.9846153846153847,0.9935143182956038,,186.94971356609142
freesolv,moladt_small_descriptors,moladt_full30_rbf_gp,empirical_bayes_exact_gp,train,moleculenet_random_like:513/64/65;final_refit=train+valid,642,642,577,577,30,1,0.24673641599656548,5,5,,0.42103302280844773,0.27729995492682513,0.9876006282203601,-0.7493837912184851,0.9792027729636048,0.6910089603519205,,
freesolv,moladt_small_descriptors,moladt_full30_rbf_gp,empirical_bayes_exact_gp,valid,moleculenet_random_like:513/64/65;final_refit=train+valid,642,642,513,64,30,1,0.24673641599656548,5,5,,1.1708656795659558,0.7580484617048602,0.8796053384314605,-1.2233079841383998,0.953125,1.1172199111995376,170.50310562681756,
freesolv,moladt_small_descriptors,moladt_full30_rbf_gp,empirical_bayes_exact_gp,test,moleculenet_random_like:513/64/65;final_refit=train+valid,642,642,577,65,30,1,0.24673641599656548,5,5,,1.7589676070466567,0.9553700759439022,0.8378468094078539,-1.5056034411159913,0.9076923076923077,1.1762270788937161,,172.14510586199344
freesolv,moladt_small_descriptors,moladt_full30_rbf_gp,empirical_bayes_exact_gp,train,moleculenet_random_like:513/64/65;final_refit=train+valid,642,642,577,577,30,1,0.22303504099545535,6,5,,0.4455256073340722,0.2919992192082455,0.9859270649405625,-0.7890368167907807,0.9792027729636048,0.7117332473662823,,
freesolv,moladt_small_descriptors,moladt_full30_rbf_gp,empirical_bayes_exact_gp,valid,moleculenet_random_like:513/64/65;final_refit=train+valid,642,642,513,64,30,1,0.22303504099545535,6,5,,1.3206486997262257,0.8143128075823651,0.9053065466898906,-1.2987043791189854,0.953125,1.2434583373646046,183.5977702011025,
freesolv,moladt_small_descriptors,moladt_full30_rbf_gp,empirical_bayes_exact_gp,test,moleculenet_random_like:513/64/65;final_refit=train+valid,642,642,577,65,30,1,0.22303504099545535,6,5,,2.0208228922014695,0.9934855186317715,0.8030320877030648,-1.6027496276396287,0.9076923076923077,1.241943409212009,,170.38881238956543
freesolv,moladt_small_descriptors,moladt_full30_rbf_gp,empirical_bayes_exact_gp,train,moleculenet_random_like:513/64/65;final_refit=train+valid,642,642,577,577,30,1,0.2353948340023635,7,5,,0.46426755088509186,0.29923763969223693,0.9862195609025439,-0.8297233555911532,0.975736568457539,0.7414904352799784,,
freesolv,moladt_small_descriptors,moladt_full30_rbf_gp,empirical_bayes_exact_gp,valid,moleculenet_random_like:513/64/65;final_refit=train+valid,642,642,513,64,30,1,0.2353948340023635,7,5,,1.1546975387183214,0.7487598001452734,0.842705719798496,-1.2836427353745756,0.890625,1.0956893819008249,164.07497610245463,
freesolv,moladt_small_descriptors,moladt_full30_rbf_gp,empirical_bayes_exact_gp,test,moleculenet_random_like:513/64/65;final_refit=train+valid,642,642,577,65,30,1,0.2353948340023635,7,5,,0.805803845127574,0.6462012399185203,0.909038874828335,-1.2730539933427214,0.9076923076923077,1.117434493610963,,164.80582848251117
freesolv,moladt_small_descriptors,moladt_full30_rbf_gp,empirical_bayes_exact_gp,train,moleculenet_random_like:513/64/65;final_refit=train+valid,642,642,577,577,30,1,0.22370337499887682,8,5,,0.4424141920453994,0.2928527607327389,0.9868132384147568,-0.7911547286725085,0.9740034662045061,0.7160223299298608,,
freesolv,moladt_small_descriptors,moladt_full30_rbf_gp,empirical_bayes_exact_gp,valid,moleculenet_random_like:513/64/65;final_refit=train+valid,642,642,513,64,30,1,0.22370337499887682,8,5,,0.7387279844956235,0.5168176867826383,0.9509704912713732,-1.1870766899394782,0.921875,0.9588458636179636,177.0840909353895,
freesolv,moladt_small_descriptors,moladt_full30_rbf_gp,empirical_bayes_exact_gp,test,moleculenet_random_like:513/64/65;final_refit=train+valid,642,642,577,65,30,1,0.22370337499887682,8,5,,1.0974635845409042,0.6668042998906445,0.9154453420283214,-1.402613431268497,0.9076923076923077,0.9890361767843954,,170.39231282875545
freesolv,moladt_small_descriptors,moladt_full30_rbf_gp,empirical_bayes_exact_gp,train,moleculenet_random_like:513/64/65;final_refit=train+valid,642,642,577,577,30,1,0.2391505830019014,9,5,,0.47965468890362317,0.3139950406933035,0.9845319963915486,-0.8534470713386624,0.9774696707105719,0.7535889639565134,,
freesolv,moladt_small_descriptors,moladt_full30_rbf_gp,empirical_bayes_exact_gp,valid,moleculenet_random_like:513/64/65;final_refit=train+valid,642,642,513,64,30,1,0.2391505830019014,9,5,,1.6933041132579651,1.1309345894977203,0.7821499796564518,-1.7372969067506714,0.859375,1.3177091928699671,154.14743575265328,
freesolv,moladt_small_descriptors,moladt_full30_rbf_gp,empirical_bayes_exact_gp,test,moleculenet_random_like:513/64/65;final_refit=train+valid,642,642,577,65,30,1,0.2391505830019014,9,5,,0.9477607424299268,0.6856258338667744,0.9356053327819477,-1.389984891089036,0.9076923076923077,1.0362664006444207,,174.1706152516466
freesolv,moladt_small_descriptors,moladt_full30_rbf_gp,empirical_bayes_exact_gp,train,moleculenet_random_like:513/64/65;final_refit=train+valid,642,642,577,577,30,1,0.21210491699457634,10,5,,0.5068794997408292,0.33751062004469257,0.9822194504373584,-0.8938728777913888,0.975736568457539,0.7788143377456033,,
freesolv,moladt_small_descriptors,moladt_full30_rbf_gp,empirical_bayes_exact_gp,valid,moleculenet_random_like:513/64/65;final_refit=train+valid,642,642,513,64,30,1,0.21210491699457634,10,5,,1.2345183660344055,0.8464167575737598,0.8686745761778752,-1.5300183366763644,0.9375,1.219785510954043,163.74332546913337,
freesolv,moladt_small_descriptors,moladt_full30_rbf_gp,empirical_bayes_exact_gp,test,moleculenet_random_like:513/64/65;final_refit=train+valid,642,642,577,65,30,1,0.21210491699457634,10,5,,1.140660791221214,0.7481500974365326,0.9246114023208154,-1.3462448690049533,0.9538461538461539,1.1469297410378803,,179.6509960161746
freesolv,moladt_small_descriptors,moladt_full30_rbf_gp,empirical_bayes_exact_gp,train,moleculenet_random_like:513/64/65;final_refit=train+valid,642,642,577,577,30,1,0.24923308299912605,11,5,,0.46294181099463055,0.30202941595877403,0.9856677900863219,-0.8283616926167509,0.9740034662045061,0.7414681853734499,,
freesolv,moladt_small_descriptors,moladt_full30_rbf_gp,empirical_bayes_exact_gp,valid,moleculenet_random_like:513/64/65;final_refit=train+valid,642,642,513,64,30,1,0.24923308299912605,11,5,,1.1489122685446005,0.7560858977344989,0.9092099262118201,-1.3471371205706029,0.9375,1.1893738491331283,176.94404602363238,
freesolv,moladt_small_descriptors,moladt_full30_rbf_gp,empirical_bayes_exact_gp,test,moleculenet_random_like:513/64/65;final_refit=train+valid,642,642,577,65,30,1,0.24923308299912605,11,5,,1.0323186368527766,0.6903222467654669,0.9196264109850176,-1.2494935706660755,0.9384615384615385,1.0813459662538993,,175.1179863092163
freesolv,moladt_small_descriptors,moladt_full30_rbf_gp,empirical_bayes_exact_gp,train,moleculenet_random_like:513/64/65;final_refit=train+valid,642,642,577,577,30,1,0.22639291700033937,12,5,,0.423054344099321,0.2808641367825049,0.9877830822468021,-0.7521427948120002,0.9740034662045061,0.6901516841044367,,
freesolv,moladt_small_descriptors,moladt_full30_rbf_gp,empirical_bayes_exact_gp,valid,moleculenet_random_like:513/64/65;final_refit=train+valid,642,642,513,64,30,1,0.22639291700033937,12,5,,1.0122615601408416,0.7385819074324902,0.924694484768041,-1.270389269770695,0.96875,1.1143318553237118,162.2785423303415,
freesolv,moladt_small_descriptors,moladt_full30_rbf_gp,empirical_bayes_exact_gp,test,moleculenet_random_like:513/64/65;final_refit=train+valid,642,642,577,65,30,1,0.22639291700033937,12,5,,2.204379919591464,1.0406291846293327,0.6908848659007687,-1.7543956661162043,0.8923076923076924,1.1295962236405492,,157.25235424653243
freesolv,moladt_small_descriptors,moladt_full30_rbf_gp,empirical_bayes_exact_gp,train,moleculenet_random_like:513/64/65;final_refit=train+valid,642,642,577,577,30,1,0.2152430410060333,13,5,,0.43691849951455985,0.28594272084425304,0.9865734937180489,-0.7788775258842395,0.9722703639514731,0.7085903289117339,,
freesolv,moladt_small_descriptors,moladt_full30_rbf_gp,empirical_bayes_exact_gp,valid,moleculenet_random_like:513/64/65;final_refit=train+valid,642,642,513,64,30,1,0.2152430410060333,13,5,,1.916071480547344,0.9757331206849984,0.8379462625431581,-1.5759936128705991,0.890625,1.2725234558631047,184.25221545779266,
freesolv,moladt_small_descriptors,moladt_full30_rbf_gp,empirical_bayes_exact_gp,test,moleculenet_random_like:513/64/65;final_refit=train+valid,642,642,577,65,30,1,0.2152430410060333,13,5,,0.9918876151590481,0.6545522502260054,0.9502680183549247,-1.4386875107268955,0.9384615384615385,1.1981528087307587,,180.81750259628927
freesolv,moladt_small_descriptors,moladt_full30_rbf_gp,empirical_bayes_exact_gp,train,moleculenet_random_like:513/64/65;final_refit=train+valid,642,642,577,577,30,1,0.22374512500391575,14,5,,0.4195078219774895,0.27351919541752867,0.9879801358605904,-0.7481118149516192,0.9792027729636048,0.6921998269330527,,
freesolv,moladt_small_descriptors,moladt_full30_rbf_gp,empirical_bayes_exact_gp,valid,moleculenet_random_like:513/64/65;final_refit=train+valid,642,642,513,64,30,1,0.22374512500391575,14,5,,2.2286934631998943,1.0475166319834952,0.6841556509576683,-1.4382293406027857,0.921875,1.09799116523762,171.53964324765053,
freesolv,moladt_small_descriptors,moladt_full30_rbf_gp,empirical_bayes_exact_gp,test,moleculenet_random_like:513/64/65;final_refit=train+valid,642,642,577,65,30,1,0.22374512500391575,14,5,,1.6392347606206177,0.9683852322866908,0.8291152177309644,-1.5424006844358709,0.8769230769230769,1.2092367715217445,,168.0134389587099
freesolv,moladt_small_descriptors,moladt_full30_rbf_gp,empirical_bayes_exact_gp,train,moleculenet_random_like:513/64/65;final_refit=train+valid,642,642,577,577,30,1,0.23383704199659405,15,5,,0.43875178831864,0.2891360174367262,0.9871452655216576,-0.7879349846824849,0.9774696707105719,0.7151363506720346,,
freesolv,moladt_small_descriptors,moladt_full30_rbf_gp,empirical_bayes_exact_gp,valid,moleculenet_random_like:513/64/65;final_refit=train+valid,642,642,513,64,30,1,0.23383704199659405,15,5,,0.7885730122439224,0.5538971656281205,0.9503048749899713,-1.099856449867075,0.953125,0.9561621341236365,186.05182554667095,
freesolv,moladt_small_descriptors,moladt_full30_rbf_gp,empirical_bayes_exact_gp,test,moleculenet_random_like:513/64/65;final_refit=train+valid,642,642,577,65,30,1,0.23383704199659405,15,5,,1.1414843846378282,0.7566808411464366,0.876836945032459,-1.371299767589352,0.9692307692307692,1.1760908863632211,,171.2965585522831
freesolv,moladt_small_descriptors,moladt_full30_rbf_gp,empirical_bayes_exact_gp,train,moleculenet_random_like:513/64/65;final_refit=train+valid,642,642,577,577,30,1,0.2324665419946541,16,5,,0.4159553392263695,0.2713093346800421,0.9883666413361177,-0.734150924886598,0.975736568457539,0.6791527471879504,,
freesolv,moladt_small_descriptors,moladt_full30_rbf_gp,empirical_bayes_exact_gp,valid,moleculenet_random_like:513/64/65;final_refit=train+valid,642,642,513,64,30,1,0.2324665419946541,16,5,,1.1069488787672686,0.6766494259994894,0.890649370051543,-1.1904180979019996,0.96875,1.1056418341984662,156.2550530959906,
freesolv,moladt_small_descriptors,moladt_full30_rbf_gp,empirical_bayes_exact_gp,test,moleculenet_random_like:513/64/65;final_refit=train+valid,642,642,577,65,30,1,0.2324665419946541,16,5,,1.1663504438388457,0.8304946130085016,0.8925505736485035,-1.6227844174140509,0.9076923076923077,1.2123671414207162,,154.30486963874773
freesolv,moladt_small_descriptors,moladt_full30_rbf_gp,empirical_bayes_exact_gp,train,moleculenet_random_like:513/64/65;final_refit=train+valid,642,642,577,577,30,1,0.22596274999523303,17,5,,0.4259449869345649,0.27710119176786036,0.9878383543093243,-0.7621177244641534,0.9774696707105719,0.6991355656799864,,
freesolv,moladt_small_descriptors,moladt_full30_rbf_gp,empirical_bayes_exact_gp,valid,moleculenet_random_like:513/64/65;final_refit=train+valid,642,642,513,64,30,1,0.22596274999523303,17,5,,1.6447198850748306,0.9692995298240613,0.7834923594559381,-1.61655103092046,0.84375,1.203914542915248,143.4727807230144,
freesolv,moladt_small_descriptors,moladt_full30_rbf_gp,empirical_bayes_exact_gp,test,moleculenet_random_like:513/64/65;final_refit=train+valid,642,642,577,65,30,1,0.22596274999523303,17,5,,1.1474274500071844,0.7699839535283096,0.9026625221220737,-1.4836143625348728,0.9076923076923077,1.058800921194856,,165.81434410792417
freesolv,moladt_small_descriptors,moladt_full30_rbf_gp,empirical_bayes_exact_gp,train,moleculenet_random_like:513/64/65;final_refit=train+valid,642,642,577,577,30,1,0.2284592080031871,18,5,,0.4248752039930705,0.2788457701866164,0.9881217243005552,-0.7614951907144853,0.9740034662045061,0.6999666737747671,,
freesolv,moladt_small_descriptors,moladt_full30_rbf_gp,empirical_bayes_exact_gp,valid,moleculenet_random_like:513/64/65;final_refit=train+valid,642,642,513,64,30,1,0.2284592080031871,18,5,,1.3580778165750818,0.8471276327563104,0.9094321010383589,-1.3420083876898221,0.921875,1.166817361189103,179.88720673192103,
freesolv,moladt_small_descriptors,moladt_full30_rbf_gp,empirical_bayes_exact_gp,test,moleculenet_random_like:513/64/65;final_refit=train+valid,642,642,577,65,30,1,0.2284592080031871,18,5,,0.940341607820825,0.6031342823085512,0.9170346846906904,-1.4051034900632895,0.9384615384615385,1.0846870405920004,,165.3474112715969
freesolv,moladt_small_descriptors,moladt_full30_rbf_gp,empirical_bayes_exact_gp,train,moleculenet_random_like:513/64/65;final_refit=train+valid,642,642,577,577,30,1,0.22314899999764748,19,5,,0.46896639980675864,0.31295741688704876,0.9854275935478131,-0.8362056464525512,0.9722703639514731,0.7409055720105556,,
freesolv,moladt_small_descriptors,moladt_full30_rbf_gp,empirical_bayes_exact_gp,valid,moleculenet_random_like:513/64/65;final_refit=train+valid,642,642,513,64,30,1,0.22314899999764748,19,5,,0.784112819909793,0.5700205704391303,0.9385900034052655,-1.2057733958742856,0.953125,1.0800196306017185,168.37179627286486,
freesolv,moladt_small_descriptors,moladt_full30_rbf_gp,empirical_bayes_exact_gp,test,moleculenet_random_like:513/64/65;final_refit=train+valid,642,642,577,65,30,1,0.22314899999764748,19,5,,1.2058188049838685,0.7289940437233352,0.8764279632193739,-1.26421220917481,0.9230769230769231,1.011002947744696,,163.7732107555555
